sym,date,divergence,n_long
فجر,2026-10-10,واگرایی منفی (سقف بالاتر قیمت): RSI، پول حقیقی,10
فجهان,2026-10-10,واگرایی منفی (سقف بالاتر قیمت): RSI، MACD، پول حقیقی,10
فخاس,2026-10-10,واگرایی منفی (سقف بالاتر قیمت): RSI، MACD,12
فروی,2026-10-10,واگرایی منفی (سقف بالاتر قیمت): RSI، MACD,8
فصبا,2026-10-10,واگرایی منفی (سقف بالاتر قیمت): RSI، پول حقیقی,10
فملی,2026-10-10,واگرایی منفی (سقف بالاتر قیمت): RSI، MACD,10
قچار,2026-10-10,واگرایی منفی (سقف بالاتر قیمت): MACD، پول حقیقی,10
کاذر,2026-10-10,واگرایی منفی (سقف بالاتر قیمت): RSI، MACD,10
کتوکا,2026-10-10,واگرایی منفی (سقف بالاتر قیمت): RSI، MACD، OBV، پول حقیقی,5
کحافظ,2026-10-10,واگرایی منفی (سقف بالاتر قیمت): RSI، MACD، پول حقیقی,9
کرازی,2026-10-10,واگرایی منفی (سقف بالاتر قیمت): RSI، MACD,9
کسرا,2026-10-10,واگرایی منفی (سقف بالاتر قیمت): RSI، MACD,11
کهمدا,2026-10-10,واگرایی منفی (سقف بالاتر قیمت): RSI، MACD,10
کگل,2026-10-10,واگرایی منفی (سقف بالاتر قیمت): RSI، MACD,10
سفارس,2026-10-10,واگرایی منفی (سقف بالاتر قیمت): MACD، OBV,10
سلیم,2026-10-10,واگرایی منفی (سقف بالاتر قیمت): MACD، پول حقیقی,11
شاراک,2026-10-10,واگرایی منفی (سقف بالاتر قیمت): RSI، MACD، پول حقیقی,10
شستا,2026-10-10,واگرایی منفی (سقف بالاتر قیمت): RSI، MACD، پول حقیقی,9
شفارس,2026-10-10,واگرایی منفی (سقف بالاتر قیمت): RSI، MACD، پول حقیقی,9
غزر,2026-10-10,واگرایی منفی (سقف بالاتر قیمت): RSI، MACD، پول حقیقی,10
غشهداب,2026-10-10,واگرایی منفی (سقف بالاتر قیمت): RSI، MACD، OBV، پول حقیقی,8
غپاک,2026-10-10,واگرایی منفی (سقف بالاتر قیمت): RSI، MACD,10
غچین,2026-10-10,واگرایی منفی (سقف بالاتر قیمت): RSI، MACD، پول حقیقی,9
غکورش,2026-10-10,واگرایی منفی (سقف بالاتر قیمت): RSI، MACD، پول حقیقی,9
فاراک,2026-10-10,واگرایی منفی (سقف بالاتر قیمت): RSI، MACD، پول حقیقی,13
فارس,2026-10-10,واگرایی منفی (سقف بالاتر قیمت): RSI، MACD، OBV، پول حقیقی,9
فایرا,2026-10-10,واگرایی منفی (سقف بالاتر قیمت): RSI، MACD,9
وغدیر,2026-10-10,واگرایی منفی (سقف بالاتر قیمت): RSI، MACD,9
ولبهمن,2026-10-10,واگرایی منفی (سقف بالاتر قیمت): RSI، MACD,11
ومعادن,2026-10-10,واگرایی منفی (سقف بالاتر قیمت): RSI، MACD,11
وکار,2026-10-10,واگرایی منفی (سقف بالاتر قیمت): RSI، MACD، پول حقیقی,11
الکتروماد,2026-10-10,واگرایی منفی (سقف بالاتر قیمت): RSI، MACD,11
انتخاب,2026-10-07,واگرایی منفی (سقف بالاتر قیمت): RSI، MACD، OBV، پول حقیقی,8
پاسا,2026-10-10,واگرایی منفی (سقف بالاتر قیمت): MACD، پول حقیقی,10
پیزد,2026-10-10,واگرایی منفی (سقف بالاتر قیمت): RSI، MACD، پول حقیقی,10
آسیا,2026-10-10,واگرایی منفی (سقف بالاتر قیمت): RSI، MACD,9
اسیاتک,2026-10-10,واگرایی منفی (سقف بالاتر قیمت): RSI، MACD، پول حقیقی,11
تاپیکو,2026-10-10,واگرایی منفی (سقف بالاتر قیمت): RSI، پول حقیقی,10
توسن,2026-10-10,واگرایی منفی (سقف بالاتر قیمت): RSI، پول حقیقی,9
تکنو,2026-10-10,واگرایی مثبت (کف پایین‌تر قیمت): RSI، MACD,5
چدن,2026-10-10,واگرایی منفی (سقف بالاتر قیمت): RSI، پول حقیقی,10
لوتوس,2026-10-10,واگرایی منفی (سقف بالاتر قیمت): RSI، MACD، OBV، پول حقیقی,10
مادیرا,2026-10-10,واگرایی منفی (سقف بالاتر قیمت): RSI، MACD,9
مهر,2026-10-10,واگرایی منفی (سقف بالاتر قیمت): RSI، MACD,10
نطرین,2026-10-10,واگرایی منفی (سقف بالاتر قیمت): RSI، MACD، پول حقیقی,9
وتوکا,2026-10-10,واگرایی منفی (سقف بالاتر قیمت): RSI، MACD، پول حقیقی,10
خزامیا,2026-10-10,واگرایی منفی (سقف بالاتر قیمت): RSI، MACD، OBV، پول حقیقی,7
خمهر,2026-10-10,واگرایی منفی (سقف بالاتر قیمت): RSI، MACD، OBV، پول حقیقی,10
خگستر,2026-10-10,واگرایی منفی (سقف بالاتر قیمت): RSI، MACD,12
خیمن,2026-10-10,واگرایی منفی (سقف بالاتر قیمت): RSI، MACD,10
درازک,2026-10-10,واگرایی منفی (سقف بالاتر قیمت): RSI، MACD,11
رتاپ,2026-10-10,واگرایی منفی (سقف بالاتر قیمت): MACD، OBV، پول حقیقی,9
سخزر,2026-10-10,واگرایی منفی (سقف بالاتر قیمت): RSI، MACD، پول حقیقی,9
سرچشمه,2026-10-10,واگرایی منفی (سقف بالاتر قیمت): RSI، MACD,10
پارسان,2026-10-10,واگرایی منفی (سقف بالاتر قیمت): RSI، MACD، OBV,10
پردیس,2026-10-10,واگرایی منفی (سقف بالاتر قیمت): RSI، MACD، پول حقیقی,10
پکرمان,2026-10-10,واگرایی منفی (سقف بالاتر قیمت): RSI، پول حقیقی,8
داراب,2026-10-10,واگرایی منفی (سقف بالاتر قیمت): RSI، MACD، OBV,10
داسوه,2026-10-10,واگرایی منفی (سقف بالاتر قیمت): RSI، MACD,12
دتولید,2026-10-10,واگرایی منفی (سقف بالاتر قیمت): RSI، MACD، پول حقیقی,10
دجابر,2026-10-10,واگرایی منفی (سقف بالاتر قیمت): MACD، پول حقیقی,10
دیران,2026-10-10,واگرایی منفی (سقف بالاتر قیمت): RSI، MACD، OBV,11
رمپنا,2026-10-10,واگرایی منفی (سقف بالاتر قیمت): RSI، MACD، پول حقیقی,9
ریشمک,2026-10-10,واگرایی منفی (سقف بالاتر قیمت): RSI، MACD، پول حقیقی,10
بپاس,2026-10-10,واگرایی منفی (سقف بالاتر قیمت): RSI، MACD، پول حقیقی,10
ساروم,2026-10-10,واگرایی منفی (سقف بالاتر قیمت): RSI، OBV، پول حقیقی,9
ساوه,2026-10-10,واگرایی منفی (سقف بالاتر قیمت): MACD، پول حقیقی,11
سبزوا,2026-10-10,واگرایی منفی (سقف بالاتر قیمت): RSI، MACD، OBV، پول حقیقی,9
ستران,2026-10-10,واگرایی منفی (سقف بالاتر قیمت): RSI، MACD، OBV، پول حقیقی,10
سپاها,2026-10-10,واگرایی منفی (سقف بالاتر قیمت): RSI، MACD، پول حقیقی,9
سپیدار,2026-10-10,واگرایی منفی (سقف بالاتر قیمت): RSI، MACD، OBV، پول حقیقی,10
توریل,2026-10-10,واگرایی منفی (سقف بالاتر قیمت): RSI، MACD,11
تکاردان,2026-10-10,واگرایی منفی (سقف بالاتر قیمت): MACD، OBV، پول حقیقی,11
تکیمیا,2026-10-10,واگرایی منفی (سقف بالاتر قیمت): RSI، MACD,10
فافق,2026-10-10,واگرایی منفی (سقف بالاتر قیمت): RSI، MACD,12
فاما,2026-10-10,واگرایی منفی (سقف بالاتر قیمت): RSI، MACD,10
فاهواز,2026-10-10,واگرایی منفی (سقف بالاتر قیمت): RSI، MACD، OBV، پول حقیقی,8
فتوسا,2026-10-10,واگرایی منفی (سقف بالاتر قیمت): RSI، MACD، پول حقیقی,11
فجوش,2026-10-10,واگرایی منفی (سقف بالاتر قیمت): MACD، پول حقیقی,10
فپنتا,2026-10-10,واگرایی منفی (سقف بالاتر قیمت): RSI، MACD,7
نبابک,2026-10-10,واگرایی منفی (سقف بالاتر قیمت): RSI، MACD، پول حقیقی,14
نیرو,2026-10-10,واگرایی منفی (سقف بالاتر قیمت): RSI، MACD، OBV,11
دسبحا,2026-10-10,واگرایی منفی (سقف بالاتر قیمت): RSI، MACD,10
دسبحان,2026-10-10,واگرایی منفی (سقف بالاتر قیمت): RSI، پول حقیقی,10
ولقمان,2026-10-06,واگرایی منفی (سقف بالاتر قیمت): RSI، پول حقیقی,10
ولپارس,2026-10-10,واگرایی منفی (سقف بالاتر قیمت): RSI، MACD,12
هجرت,2026-10-10,واگرایی منفی (سقف بالاتر قیمت): MACD، پول حقیقی,9
وآذر,2026-10-10,واگرایی منفی (سقف بالاتر قیمت): RSI، MACD، OBV، پول حقیقی,10
وآفر,2026-10-10,واگرایی منفی (سقف بالاتر قیمت): RSI، MACD,8
وارس,2026-10-10,واگرایی مثبت (کف پایین‌تر قیمت): RSI، OBV,2
واعتبار,2026-10-10,واگرایی منفی (سقف بالاتر قیمت): RSI، MACD، OBV، پول حقیقی,11
آلومینا,2026-10-10,واگرایی منفی (سقف بالاتر قیمت): RSI، MACD، OBV، پول حقیقی,11
وصنا,2026-10-10,واگرایی منفی (سقف بالاتر قیمت): RSI، MACD، OBV، پول حقیقی,10
وطوبی,2026-10-10,واگرایی منفی (سقف بالاتر قیمت): RSI، MACD، OBV، پول حقیقی,12
ولنوین,2026-10-10,واگرایی منفی (سقف بالاتر قیمت): MACD، OBV، پول حقیقی,10
ومدیر,2026-10-10,واگرایی منفی (سقف بالاتر قیمت): RSI، MACD، پول حقیقی,11
ویسا,2026-10-10,واگرایی منفی (سقف بالاتر قیمت): RSI، MACD,10
تبرک,2026-10-10,واگرایی منفی (سقف بالاتر قیمت): RSI، MACD,11
غفارس,2026-10-10,واگرایی منفی (سقف بالاتر قیمت): RSI، پول حقیقی,10
غمایه,2026-10-10,واگرایی منفی (سقف بالاتر قیمت): RSI، MACD,11
غمهرا,2026-10-10,واگرایی منفی (سقف بالاتر قیمت): RSI، OBV، پول حقیقی,9
غویتا,2026-10-10,واگرایی منفی (سقف بالاتر قیمت): RSI، OBV، پول حقیقی,10
غگلستا,2026-10-10,واگرایی منفی (سقف بالاتر قیمت): RSI، MACD,9
غگلپا,2026-10-10,واگرایی منفی (سقف بالاتر قیمت): RSI، پول حقیقی,10
شاملا,2026-10-10,واگرایی منفی (سقف بالاتر قیمت): MACD، پول حقیقی,10
شبصیر,2026-10-10,واگرایی منفی (سقف بالاتر قیمت): RSI، MACD، OBV,9
شپارس,2026-10-10,واگرایی منفی (سقف بالاتر قیمت): RSI، MACD، پول حقیقی,11
شپاس,2026-10-10,واگرایی منفی (سقف بالاتر قیمت): RSI، MACD,11
کربن,2026-10-10,واگرایی منفی (سقف بالاتر قیمت): MACD، پول حقیقی,9
کفپارس,2026-10-10,واگرایی منفی (سقف بالاتر قیمت): RSI، MACD، OBV، پول حقیقی,9
حفارس,2026-10-10,واگرایی منفی (سقف بالاتر قیمت): RSI، MACD، پول حقیقی,9
خبازرس,2026-10-10,واگرایی منفی (سقف بالاتر قیمت): RSI، MACD، OBV، پول حقیقی,11
فرود,2026-10-10,واگرایی منفی (سقف بالاتر قیمت): RSI، MACD,12
فروسیل,2026-10-07,واگرایی منفی (سقف بالاتر قیمت): RSI، MACD، OBV,10
فسوژ,2026-10-10,واگرایی منفی (سقف بالاتر قیمت): RSI، MACD، پول حقیقی,10
خشرق,2026-10-10,واگرایی منفی (سقف بالاتر قیمت): RSI، MACD,9
لطیف,2026-10-10,واگرایی منفی (سقف بالاتر قیمت): RSI، MACD، OBV، پول حقیقی,10
مدیریت,2026-10-10,واگرایی منفی (سقف بالاتر قیمت): RSI، MACD,8
ثنور,2026-10-10,واگرایی منفی (سقف بالاتر قیمت): RSI، MACD، OBV,9
خمحور,2026-10-10,واگرایی منفی (سقف بالاتر قیمت): RSI، MACD، OBV,8
خودکفا,2026-10-10,واگرایی منفی (سقف بالاتر قیمت): RSI، MACD، پول حقیقی,11
خوساز,2026-10-10,واگرایی منفی (سقف بالاتر قیمت): RSI، MACD، پول حقیقی,10
خکرمان,2026-10-10,واگرایی منفی (سقف بالاتر قیمت): RSI، MACD,9
زکوثر,2026-10-10,واگرایی منفی (سقف بالاتر قیمت): RSI، MACD، پول حقیقی,11
سآبیک,2026-10-10,واگرایی منفی (سقف بالاتر قیمت): MACD، پول حقیقی,11
ودانا,2026-10-10,واگرایی منفی (سقف بالاتر قیمت): RSI، MACD,11
چکارن,2026-10-10,واگرایی منفی (سقف بالاتر قیمت): RSI، MACD,11
کاسپین,2026-10-10,واگرایی منفی (سقف بالاتر قیمت): RSI، MACD,10
کانسار,2026-10-10,واگرایی منفی (سقف بالاتر قیمت): MACD، OBV، پول حقیقی,9
کبافق,2026-10-10,واگرایی منفی (سقف بالاتر قیمت): RSI، MACD، پول حقیقی,9
کترام,2026-10-10,واگرایی منفی (سقف بالاتر قیمت): RSI، MACD,11
کپارس,2026-10-10,واگرایی منفی (سقف بالاتر قیمت): RSI، MACD، OBV، پول حقیقی,9
لازما,2026-10-10,واگرایی منفی (سقف بالاتر قیمت): RSI، MACD، پول حقیقی,9
لپیام,2026-10-10,واگرایی منفی (سقف بالاتر قیمت): RSI، MACD، پول حقیقی,10
کیمیاتک,2026-10-10,واگرایی منفی (سقف بالاتر قیمت): RSI، MACD,12
بشهاب,2026-10-10,واگرایی منفی (سقف بالاتر قیمت): RSI، MACD,10
بموتو,2026-10-10,واگرایی منفی (سقف بالاتر قیمت): RSI، MACD، OBV، پول حقیقی,8
بنیرو,2026-10-10,واگرایی منفی (سقف بالاتر قیمت): MACD، OBV، پول حقیقی,7
بوعلی,2026-10-10,واگرایی منفی (سقف بالاتر قیمت): RSI، MACD، OBV، پول حقیقی,9
فمراد,2026-10-10,واگرایی منفی (سقف بالاتر قیمت): RSI، MACD، OBV,9
فنفت,2026-10-10,واگرایی منفی (سقف بالاتر قیمت): MACD، پول حقیقی,9
فوکا,2026-10-10,واگرایی منفی (سقف بالاتر قیمت): RSI، MACD، پول حقیقی,11
فگستر,2026-10-07,واگرایی منفی (سقف بالاتر قیمت): RSI، MACD، OBV,10
آباد,2026-10-10,واگرایی منفی (سقف بالاتر قیمت): RSI، MACD، OBV,13
آردینه,2026-10-10,واگرایی منفی (سقف بالاتر قیمت): RSI، MACD، OBV، پول حقیقی,10
آرمان,2026-10-10,واگرایی منفی (سقف بالاتر قیمت): RSI، پول حقیقی,10
آریان,2026-10-10,واگرایی منفی (سقف بالاتر قیمت): RSI، MACD، پول حقیقی,9
غانیزان,2026-10-10,واگرایی منفی (سقف بالاتر قیمت): RSI، MACD، OBV,11
غبشهر,2026-10-10,واگرایی منفی (سقف بالاتر قیمت): RSI، MACD، OBV، پول حقیقی,9
غبهار,2026-10-10,واگرایی منفی (سقف بالاتر قیمت): RSI، MACD، OBV، پول حقیقی,13
غپآذر,2026-10-10,واگرایی منفی (سقف بالاتر قیمت): RSI، پول حقیقی,10
سدور,2026-10-10,واگرایی منفی (سقف بالاتر قیمت): RSI، MACD، OBV، پول حقیقی,9
سشرق,2026-10-10,واگرایی منفی (سقف بالاتر قیمت): RSI، MACD، OBV، پول حقیقی,10
سشمال,2026-10-10,واگرایی منفی (سقف بالاتر قیمت): RSI، MACD، OBV، پول حقیقی,11
سفاسی,2026-10-10,واگرایی منفی (سقف بالاتر قیمت): RSI، MACD,10
سفانو,2026-10-10,واگرایی منفی (سقف بالاتر قیمت): RSI، MACD، پول حقیقی,10
سقاین,2026-10-10,واگرایی منفی (سقف بالاتر قیمت): RSI، MACD، OBV، پول حقیقی,8
قنیشا,2026-10-10,واگرایی منفی (سقف بالاتر قیمت): RSI، MACD، OBV، پول حقیقی,10
قهکمت,2026-10-10,واگرایی منفی (سقف بالاتر قیمت): RSI، MACD، پول حقیقی,10
کنور,2026-10-06,واگرایی منفی (سقف بالاتر قیمت): RSI، MACD، OBV، پول حقیقی,12
کیبیسی,2026-10-10,واگرایی منفی (سقف بالاتر قیمت): RSI، MACD، پول حقیقی,9
شنفت,2026-10-10,واگرایی منفی (سقف بالاتر قیمت): RSI، MACD، OBV، پول حقیقی,10
شوینده,2026-10-10,واگرایی منفی (سقف بالاتر قیمت): RSI، پول حقیقی,8
شگامرن,2026-10-10,واگرایی منفی (سقف بالاتر قیمت): RSI، MACD، پول حقیقی,9
غاذر,2026-10-10,واگرایی منفی (سقف بالاتر قیمت): RSI، MACD، OBV، پول حقیقی,9
شرنگی,2026-10-10,واگرایی منفی (سقف بالاتر قیمت): MACD، پول حقیقی,7
شستان,2026-10-10,واگرایی منفی (سقف بالاتر قیمت): RSI، MACD,10
شغدیر,2026-10-10,واگرایی منفی (سقف بالاتر قیمت): RSI، MACD,10
شفا,2026-10-10,واگرایی منفی (سقف بالاتر قیمت): RSI، MACD، OBV، پول حقیقی,10
شکام,2026-10-10,واگرایی منفی (سقف بالاتر قیمت): MACD، OBV، پول حقیقی,10
شکبیر,2026-10-10,واگرایی منفی (سقف بالاتر قیمت): RSI، MACD,11
شکلر,2026-10-10,واگرایی منفی (سقف بالاتر قیمت): RSI، پول حقیقی,10
وامیر,2026-10-10,واگرایی منفی (سقف بالاتر قیمت): RSI، MACD، پول حقیقی,9
وبشهر,2026-10-10,واگرایی منفی (سقف بالاتر قیمت): RSI، MACD,11
سمازن,2026-10-10,واگرایی منفی (سقف بالاتر قیمت): MACD، OBV، پول حقیقی,11
سیتا,2026-10-10,واگرایی منفی (سقف بالاتر قیمت): RSI، MACD، پول حقیقی,10
سیدکو,2026-10-10,واگرایی منفی (سقف بالاتر قیمت): RSI، MACD,10
سیستم,2026-10-10,واگرایی منفی (سقف بالاتر قیمت): RSI، MACD، پول حقیقی,13
موج,2026-10-10,واگرایی منفی (سقف بالاتر قیمت): RSI، MACD، OBV، پول حقیقی,10
نارنجاهرم,2026-10-10,واگرایی منفی (سقف بالاتر قیمت): RSI، MACD,8
اهرم,2026-10-10,واگرایی منفی (سقف بالاتر قیمت): RSI، MACD، پول حقیقی,9
