sym,date,p_yb,p_ys
آ س پ,2026-10-06,0.2766633108392897,0.4391352121230167
آباد,2026-10-06,0.7770623890220416,0.07210349880281106
آبادا,2026-10-06,0.7366800186920116,0.14328706091043483
آبین,2026-10-06,0.7449148746599532,0.08371306820657962
آردینه,2026-10-06,0.7620037061745545,0.1172565824068822
آرمان,2026-10-06,0.7433689386074953,0.11757119385312045
آریا,2026-10-06,0.7413352836407534,0.1227926215223876
آریان,2026-10-06,0.6375195194876278,0.11090826476105674
آسیا,2026-10-06,0.7655626441298847,0.19820377719746662
آلومینا,2026-10-06,0.7837018940130774,0.060986253346734
آواک,2026-10-06,0.7047329412411832,0.23831423495370743
آپ,2026-10-06,0.6889357780139409,0.17283190709928442
اتکاسا,2026-10-06,0.6813630605566976,0.19821651944586263
اتکای,2026-10-06,0.6891544580278907,0.19474974571273462
اخابر,2026-10-06,0.7751611560367299,0.10601284644184628
اخشان,2026-10-06,0.7590553442056148,0.14057924570688743
اردستان,2026-10-06,0.7163464555416849,0.1554451094252041
ارفع,2026-10-06,0.7418145783821233,0.12488362083225288
استقلال,2026-10-06,0.7229907516336241,0.09424699655107908
اسیاتک,2026-10-06,0.7337197410864478,0.12870670263451556
اعتلا,2026-10-06,0.7617973699711494,0.15454670352830518
افرا,2026-10-06,0.5981313703842894,0.2408047354185664
افق,2026-10-06,0.7466676430129308,0.18402761883258262
الکتروماد,2026-10-06,0.7524070382923292,0.10682207412295033
امید,2026-10-06,0.719304772170154,0.1521432172203647
امین,2026-10-06,0.7591493371378534,0.10819636128153465
انتخاب,2026-10-06,0.7287952905261672,0.1896828787875979
انرژی,2026-10-06,0.6758907010309455,0.216280257431932
اهرم,2026-10-06,0.693560080816104,0.19702100654945923
اوان,2026-10-06,0.7617310193324517,0.16407455378094288
اپال,2026-10-06,0.7773380008924397,0.10452904460273413
اپرداز,2026-10-06,0.7330655554196637,0.1368557149783796
بازرگام,2026-10-06,0.6922483807765968,0.20790186070726058
بالاس,2026-10-06,0.7005929284587966,0.1892639517342618
بالبر,2026-10-06,0.7281096567853858,0.20066126377873722
بایکا,2026-10-06,0.5776187256816755,0.16376498068847845
بترانس,2026-10-06,0.7444903353245186,0.1172280493486653
بتهران,2026-10-06,0.724343902110164,0.1537925760413659
بتک,2026-10-06,0.7275878166336113,0.10794348526259176
بجهرم,2026-10-06,0.7190061314222027,0.23592688619139288
بخاور,2026-10-06,0.7912064927750835,0.05579589417234729
برکت,2026-10-06,0.7591265109993691,0.19082056748936874
بزاگرس,2026-10-06,0.7211671821843865,0.17236129692747224
بزندگی,2026-10-06,0.7845837461268491,0.07324333325065158
بساما,2026-10-06,0.6136193974243874,0.12248642391791935
بسویچ,2026-10-06,0.7485928127312121,0.17013500447412822
بشهاب,2026-10-06,0.7357182092124369,0.12470975261564564
بفجر,2026-10-06,0.7337205160692607,0.16292832360153364
بموتو,2026-10-06,0.6971981436188281,0.19701030210274667
بمولد,2026-10-06,0.7576918311315869,0.18918655217668875
بمپنا,2026-10-06,0.7414730238395042,0.2534175930554314
بمیلا,2026-10-06,0.6388428541023228,0.2540877271052574
بنو,2026-10-06,0.7399885689965694,0.1483659675888075
بنیرو,2026-10-06,0.7538477871629501,0.11174600136079653
بهامرز,2026-10-06,0.735289625019889,0.105893065154561
بهپاک,2026-10-06,0.6870458499559879,0.20960226329146178
بهیر,2026-10-06,0.7158124360792228,0.1470820247610987
بورس,2026-10-06,0.7267781648260178,0.13657980942642303
بوعلی,2026-10-06,0.699827989020957,0.14627376889958396
بپاس,2026-10-06,0.7143793106827091,0.10530569992288343
بپردیس,2026-10-06,0.5911690277722091,0.13263630412378294
بپویا,2026-10-06,0.7299484803610601,0.15143127397828965
بپیوند,2026-10-06,0.7695375874859739,0.15128674651180476
بکاب,2026-10-06,0.7250309802945282,0.2219946096213113
بکابل,2026-10-06,0.7513384329925933,0.11751207582039279
بکام,2026-10-06,0.729521426438621,0.2289624639186967
بگیلان,2026-10-06,0.7443133289421402,0.16115407767907172
بیوتیک,2026-10-06,0.7205656441376567,0.13673908144133423
تاتمس,2026-10-06,0.5008571280957417,0.3182697897828096
تاصیکو,2026-10-06,0.7593620262636323,0.11457750245954333
تاپکیش,2026-10-06,0.8020695769739578,0.12295875353560767
تاپیکو,2026-10-06,0.7235137396855543,0.1931003507971243
تایرا,2026-10-06,0.7235546305752139,0.1614991987345123
تبرک,2026-10-06,0.7306653507756015,0.20043608479557437
تجلی,2026-10-06,0.7278793948608336,0.17339920988214547
تشتاد,2026-10-06,0.6352355096631187,0.29274382505397933
تفارس,2026-10-06,0.692364451411949,0.1655611483268421
تلیسه,2026-10-06,0.7780298852249462,0.17369016309800311
تماوند,2026-10-06,0.7225436688205662,0.10764520144473873
تمحرکه,2026-10-06,0.7200987149741259,0.11011053669052016
تملت,2026-10-06,0.6978003396526636,0.14137534211227246
تنوین,2026-10-06,0.6594696546493564,0.18697276377131508
توریل,2026-10-06,0.739928569425187,0.1787083948780155
توسن,2026-10-06,0.7509636944913894,0.11879771838577893
تپسی,2026-10-06,0.7709502629765727,0.04418268221142681
تپولا,2026-10-06,0.7166785422788575,0.15495408978842587
تپکو,2026-10-06,0.7277621750802836,0.1605753779355353
تکاردان,2026-10-06,0.7886460135377796,0.10278803885915204
تکشا,2026-10-06,0.5731697066143677,0.2144274766998561
تکمبا,2026-10-06,0.7043836057651293,0.18616791316368475
تکنو,2026-10-06,0.6010387864961146,0.2519600451256307
تکیمیا,2026-10-06,0.7015725494804484,0.18687849120165742
تیپیکو,2026-10-06,0.7336003964717599,0.14468691556134636
ثاخت,2026-10-06,0.7545641083489691,0.18818532056381612
ثاصفا,2026-10-06,0.6588762531723399,0.2760270101579806
ثامان,2026-10-06,0.7195442514380446,0.2114770024616444
ثامید,2026-10-06,0.7591340401364174,0.16895510947929626
ثباغ,2026-10-06,0.7801237733278744,0.07550324389273136
ثبهساز,2026-10-06,0.7532760816966872,0.2012414175133237
ثتران,2026-10-06,0.7342463122187152,0.12899350428514708
ثتوسا,2026-10-06,0.7154986126107858,0.22191303859736292
ثجنوب,2026-10-06,0.7070627099879243,0.1666438631202887
ثجوان,2026-10-06,0.7072360096527205,0.17951964163749337
ثرود,2026-10-06,0.6891153312161059,0.27847449928035456
ثزاگرس,2026-10-06,0.6994571535727376,0.1903510413588961
ثشاهد,2026-10-06,0.6810636691917287,0.23031175300404713
ثشرق,2026-10-06,0.7538002653159324,0.07586927216187327
ثعتما,2026-10-06,0.7476226549966984,0.1961496572759317
ثعمرا,2026-10-06,0.7043233664674017,0.22523549963172013
ثفارس,2026-10-06,0.6949435787533788,0.308962656556747
ثقزوی,2026-10-06,0.7252682254418035,0.2561319839658785
ثمسکن,2026-10-06,0.716034939570981,0.17498344617941228
ثنام,2026-10-06,0.7473737684638042,0.1331091177610205
ثنظام,2026-10-06,0.7724643000252548,0.12010994202931764
ثنور,2026-10-06,0.7509194647701227,0.1577398168760476
ثنوسا,2026-10-06,0.7264327703216116,0.2081001676609578
ثپردیس,2026-10-06,0.6381809040962555,0.2993456115201896
جم,2026-10-06,0.6809412437256278,0.1938307027128393
جم پیلن,2026-10-06,0.7571685147655738,0.09585082369913145
جوین,2026-10-06,0.7387239576640541,0.16148352406127492
حآسا,2026-10-06,0.720342003028091,0.18889192028074164
حآفرین,2026-10-06,0.7439417910086388,0.12602622264356309
حبندر,2026-10-06,0.7310756900013793,0.15595439091071905
حتاید,2026-10-06,0.7061028673165212,0.21333011468579152
حتوکا,2026-10-06,0.7573431795599279,0.14531462407726434
حخزر,2026-10-06,0.7142564115606016,0.17847529978442486
حرهشا,2026-10-06,0.5340082062660628,0.2096900373679403
حریل,2026-10-06,0.7296889575034865,0.2208856689355189
حسیر,2026-10-06,0.7014806038977437,0.1808688974442114
حسینا,2026-10-06,0.7315850397276761,0.1681371202196078
حشکوه,2026-10-06,0.6801672645744831,0.23467141768900632
حفارس,2026-10-06,0.6656553112302626,0.22967421306008928
حفاری,2026-10-06,0.749981513514136,0.2185885268119504
حپارسا,2026-10-06,0.7604171278798738,0.16588011866185257
حپترو,2026-10-06,0.7382275907512801,0.19084230875792985
حپرتو,2026-10-06,0.5998143587269859,0.2385440036451657
حکشتی,2026-10-06,0.7114588171380603,0.22217543406458873
حگردش,2026-10-06,0.7199425234076555,0.17851848973579967
حگهر,2026-10-06,0.7438957157427062,0.12756990270011886
خاذین,2026-10-06,0.7220634702586979,0.17048649866395718
خاور,2026-10-06,0.7629198824896262,0.18948999829473545
خبازرس,2026-10-06,0.7330826111678604,0.14623634399202717
خبرنا,2026-10-06,0.7376244581117235,0.17250925878434467
خبنیان,2026-10-06,0.7512036086500616,0.20288592204718564
خبهمن,2026-10-06,0.7261148520294117,0.20885959063367932
ختراک,2026-10-06,0.7410169922854921,0.1851048052153179
ختور,2026-10-06,0.6990988218553681,0.1374683859885211
ختوقا,2026-10-06,0.7667397504731268,0.1262078554201706
خدیزل,2026-10-06,0.7568072835534114,0.16141159781790035
خراسان,2026-10-06,0.7103406494993353,0.17108330343023412
خریخت,2026-10-06,0.6965884108664956,0.2324400434149672
خرینگ,2026-10-06,0.7461042497884727,0.10589296711105214
خزامیا,2026-10-06,0.7019747068243377,0.1902428924344448
خزر,2026-10-06,0.7505610983971442,0.24335253066182647
خساپا,2026-10-06,0.7373246886527378,0.2359798968188664
خشرق,2026-10-06,0.6948462059090235,0.20392809658421848
خعمرا,2026-10-06,0.7035805657327153,0.20934302947882702
خفناور,2026-10-06,0.7063522655484568,0.19150821367710436
خفنر,2026-10-06,0.7112549705491089,0.242576434678673
خلنت,2026-10-06,0.7652442331537952,0.08584864504663862
خلیبل,2026-10-06,0.7008897048520198,0.1371955147049992
خمحرکه,2026-10-06,0.7484265574559725,0.15479048855034483
خمحور,2026-10-06,0.7306848397493889,0.2235984054269935
خمهر,2026-10-06,0.6706352627076438,0.226289382619619
خموتور,2026-10-06,0.738130950375686,0.20455039014740756
خنصیر,2026-10-06,0.718453087153397,0.19014256794899342
خنور,2026-10-06,0.7538574044604903,0.14733567404118553
خودرو,2026-10-06,0.7545156833494626,0.2117748434648828
خودکفا,2026-10-06,0.7297009059394463,0.1922997204431578
خوساز,2026-10-06,0.742496496512252,0.21227110725687473
خپویش,2026-10-06,0.7222001364492618,0.2120123427695554
خچرخش,2026-10-06,0.7268522754716645,0.13463490409681808
خکار,2026-10-06,0.7576335380183411,0.10014886154202789
خکاوه,2026-10-06,0.7322526445773044,0.1467592149045926
خکرمان,2026-10-06,0.701008649702033,0.21726546803910826
خکمک,2026-10-06,0.7410796246314748,0.2211716697397616
خگستر,2026-10-06,0.7491254708135607,0.12994601231694275
خیمن,2026-10-06,0.7281503690660641,0.18480361956912594
دابور,2026-10-06,0.740320247700539,0.14046049952750803
داتام,2026-10-06,0.7625928445915815,0.12289577616403471
دارو,2026-10-06,0.7501916305048711,0.15430719015572059
داسوه,2026-10-06,0.756192346540609,0.10472449188251255
دالبر,2026-10-06,0.7663140874954182,0.17364218584072222
دامین,2026-10-06,0.7074019662373289,0.2045109578324375
داوه,2026-10-06,0.771156021815751,0.05056937179985432
دبالک,2026-10-06,0.7290910165427675,0.18260657249014278
دتماد,2026-10-06,0.7693595406917092,0.1671566398902103
دتوزیع,2026-10-06,0.7700882282427046,0.0577660771623827
دتولید,2026-10-06,0.7824222086582321,0.08419359188646018
دجابر,2026-10-06,0.7332235605093929,0.1434245904516336
دحاوی,2026-10-06,0.8066214785141673,0.061595449550826145
ددانا,2026-10-06,0.7181796067303897,0.21088437159637474
درازک,2026-10-06,0.7568240574120867,0.09930990524368684
درهآور,2026-10-06,0.7497179773405671,0.19167824620500187
دروز,2026-10-06,0.7385848629157098,0.07419319544342964
دزاگرس,2026-10-06,0.7762044532343538,0.052798762540075435
دزهراوی,2026-10-06,0.7086777459045418,0.16702966432402583
دسانکو,2026-10-06,0.7677112507443693,0.18812903841527434
دسبحا,2026-10-06,0.7659535301393997,0.16753294721272113
دسبحان,2026-10-06,0.7517453685329264,0.09935608752281665
دسینا,2026-10-06,0.7531044252495536,0.16082113549911484
دشیری,2026-10-06,0.7241313435458968,0.21458059475337501
دشیمی,2026-10-06,0.619035386150445,0.2291773103314598
دعبید,2026-10-06,0.7308894608862608,0.18186601094288726
دفارا,2026-10-06,0.7523905496053236,0.18853208925867387
دفرا,2026-10-06,0.7252920446900544,0.17328560513729313
دقاضی,2026-10-06,0.7463430238410038,0.18237347682061844
دلر,2026-10-06,0.7153681856719429,0.18624455861962044
دلقما,2026-10-06,0.7651908631842965,0.1921453092007085
دماوند,2026-10-06,0.7502651912519148,0.17863980324440334
دهدشت,2026-10-06,0.7795193002553319,0.051917107085715807
دوایکس,2026-10-06,0.6900671064155889,0.19603854118593506
دپارس,2026-10-06,0.732903360022242,0.16517425903043856
دکوثر,2026-10-06,0.7624461502210447,0.19458729847589015
دکپسول,2026-10-06,0.7150597288300506,0.16852259439867714
دکیمی,2026-10-06,0.7390511378421004,0.14886097562582518
دی,2026-10-06,0.7318085539672418,0.13389964816215016
دیران,2026-10-06,0.7382167928261135,0.11672595056715618
ذوب,2026-10-06,0.6449999278461199,0.29110500923322985
رانفور,2026-10-06,0.6572533455785828,0.16712743205279748
رتاپ,2026-10-06,0.7411375098524469,0.17085525627642345
رتکو,2026-10-06,0.6786554874099724,0.20872802201881044
رفاه,2026-10-06,0.8052722941590388,0.02918407854356514
رنیک,2026-10-06,0.7842656599876509,0.1417186132455161
رپویا,2026-10-06,0.7446644787056719,0.12700039132607047
رکیش,2026-10-06,0.7553204002040084,0.21602273345003087
ریشمک,2026-10-06,0.745666014733724,0.10974139984761691
زاگرس,2026-10-06,0.6561344377381558,0.18346954710959687
زبینا,2026-10-06,0.7326641277876267,0.17021747128753859
زدشت,2026-10-06,0.6929806741067027,0.18159847754241107
زشریف,2026-10-06,0.7536065448073583,0.15618253967906268
زشگزا,2026-10-06,0.6997304848671538,0.18655905028767317
زفارس,2026-10-06,0.7660726792931076,0.1495568348367745
زفجر,2026-10-06,0.7689055011358026,0.18850210073934243
زفکا,2026-10-06,0.7506597462289013,0.18081213136155067
زقیام,2026-10-06,0.7187394707476424,0.1746122806580468
زماهان,2026-10-06,0.7552317333824254,0.17715377041280425
زملارد,2026-10-06,0.743605409303564,0.1270848813446172
زمگسا,2026-10-06,0.7132257167927594,0.18633240983537158
زنجان,2026-10-06,0.8703034621311883,0.03765046751231104
زپارس,2026-10-06,0.7273906685343934,0.19225025844708463
زکشت,2026-10-06,0.731117923917892,0.2092247304348566
زکوثر,2026-10-06,0.7378550673205518,0.12197500526209008
زگلدشت,2026-10-06,0.7603448448344559,0.1683871877952238
سآبیک,2026-10-06,0.7670572743144012,0.15570618152184543
ساذری,2026-10-06,0.7922928298344534,0.11088010047627705
ساراب,2026-10-06,0.7046337960657197,0.21146862310938855
ساربیل,2026-10-06,0.7504014782181264,0.09915428953848072
ساروج,2026-10-06,0.7090752697216357,0.07410528869476306
ساروم,2026-10-06,0.7183772496797746,0.17251710554893038
سامان,2026-10-06,0.6492935662778261,0.16200455953029724
ساوه,2026-10-06,0.7593681926807798,0.16733649275988283
ساینا,2026-10-06,0.6371385251448328,0.24318740710711945
سباقر,2026-10-06,0.7007477888561435,0.18682591916898342
سبجنو,2026-10-06,0.7466488981464752,0.12155735036519928
سبزوا,2026-10-06,0.7428743395191875,0.1339273089993364
سبهان,2026-10-06,0.6585055847988347,0.19520592202160195
ستران,2026-10-06,0.6918816578414156,0.18930525849742444
سجام,2026-10-06,0.7021588387472514,0.16294729682711487
سخاش,2026-10-06,0.7161453443861369,0.18924340497840528
سخزر,2026-10-06,0.7292111270985108,0.12838938971448852
سخواف,2026-10-06,0.7207010826638449,0.1950906285268776
سخوز,2026-10-06,0.6986255338538611,0.16490623815051011
سدبیر,2026-10-06,0.7582524609590358,0.197784955335697
سدشت,2026-10-06,0.7245541144426437,0.2677834399006857
سدور,2026-10-06,0.7491754027087804,0.11609874430592936
سرود,2026-10-06,0.7155505373289267,0.14457975449127147
سرچشمه,2026-10-06,0.7203671157566925,0.12740761588330948
سشرق,2026-10-06,0.7086567437271089,0.15326136696772483
سشمال,2026-10-06,0.7466860115458657,0.14264818016252076
سصوفی,2026-10-06,0.7153190418457013,0.11690609249900258
سغدیر,2026-10-06,0.7590225717279443,0.18101549963937405
سغرب,2026-10-06,0.7686531564556189,0.14398136076402415
سفار,2026-10-06,0.6722910600856175,0.22322934884377638
سفارس,2026-10-06,0.7528006019089686,0.11915758472536733
سفارود,2026-10-06,0.7398537277769752,0.05403461769972132
سفاسی,2026-10-06,0.7099607642427033,0.2125580236027909
سفانو,2026-10-06,0.7481234177548417,0.1812894968591818
سقاین,2026-10-06,0.6818851656415018,0.2003839839408607
سلار,2026-10-06,0.7609164963260616,0.21756240597983062
سلیم,2026-10-06,0.755910722176569,0.17035054318932713
سمازن,2026-10-06,0.7485278469637617,0.12822052810041892
سمایه,2026-10-06,0.7546267565476888,0.07889759823087426
سمتاز,2026-10-06,0.7557324982217681,0.14245307681134325
سمگا,2026-10-06,0.7210612092560766,0.17376041507095993
سنوین,2026-10-06,0.7494092114028056,0.17984048798592706
سنیر,2026-10-06,0.7578865305816463,0.16259008160717237
سهرمز,2026-10-06,0.6382641289864727,0.14719680802012078
سهگمت,2026-10-06,0.7644413415687564,0.1395030466231144
سپ,2026-10-06,0.7503959144530824,0.16983776811176074
سپاها,2026-10-06,0.7759706351256082,0.15807963975738157
سپید,2026-10-06,0.764994539564296,0.15648659858644864
سپیدار,2026-10-06,0.7381560959322963,0.1425738965638223
سکارون,2026-10-06,0.670506970386963,0.11963166749021902
سکرد,2026-10-06,0.7461461925315185,0.2087802071010533
سکرما,2026-10-06,0.7566006130759265,0.14381898471992707
سیتا,2026-10-06,0.7572125761955025,0.18081339743668617
سیستم,2026-10-06,0.7368808339012701,0.16986796986788638
سیسکو,2026-10-06,0.7344399688081419,0.15171665605487458
سیلام,2026-10-06,0.7280146348280537,0.1618256280703746
سیمرغ,2026-10-06,0.7065754761145576,0.2626862623883939
شاراک,2026-10-06,0.6886766035867652,0.19613043602029656
شاروم,2026-10-06,0.7638046538420552,0.1348059381962686
شارپیلن,2026-10-06,0.8481702340828772,0.025778664645297156
شاملا,2026-10-06,0.7544795020805513,0.11028868604701848
شبصیر,2026-10-06,0.7244800600987914,0.18205798994479022
شبهرن,2026-10-06,0.7381196573936487,0.1764723836150332
شتوکا,2026-10-06,0.736614474910311,0.1482200239622783
شجم,2026-10-06,0.750584601399835,0.11573162390774457
شدوص,2026-10-06,0.7839535641898411,0.09202923653188876
شرانل,2026-10-06,0.7672738964720707,0.13320326717563016
شرنگی,2026-10-06,0.6646807704841434,0.16504315991263802
شساخت,2026-10-06,0.7823894164546276,0.04474358037678558
شستا,2026-10-06,0.7131204889989375,0.14235822485515112
شستان,2026-10-06,0.7479965269765052,0.12906678967582408
شسپا,2026-10-06,0.7834098399898874,0.06435079316209234
شسینا,2026-10-06,0.755549026435528,0.20250139053275457
شصدف,2026-10-06,0.6840491063077612,0.20798474820167695
شغدیر,2026-10-06,0.704239215861943,0.16808390763686198
شفا,2026-10-06,0.7793239184129221,0.05609637421716191
شفارا,2026-10-06,0.7638814252326118,0.07446622839940728
شفارس,2026-10-06,0.7118421195237202,0.1834834188039863
شفام,2026-10-06,0.7914841168982657,0.05966021240801382
شفن,2026-10-06,0.7403407179599509,0.1348932492864826
شلرد,2026-10-06,0.7149632777984418,0.20634485432266772
شلعاب,2026-10-06,0.7395816455473277,0.12589425001490095
شلیا,2026-10-06,0.6724008638073714,0.209324125959285
شمس,2026-10-06,0.764560948085989,0.12654111739402787
شملی,2026-10-06,0.7588021350911586,0.09526643139795239
شنفت,2026-10-06,0.7354867472067238,0.13621288686080088
شهر,2026-10-06,0.7222341008907986,0.14585281829929214
شوینده,2026-10-06,0.7130777374919699,0.1773663967302832
شپارس,2026-10-06,0.7704476067184367,0.09363413316950435
شپاس,2026-10-06,0.7167082991687,0.16132998181714714
شپاکسا,2026-10-06,0.7429748105848538,0.16630325101590956
شپترو,2026-10-06,0.6832374275564007,0.27212157123204
شپدیس,2026-10-06,0.6566733755965805,0.2709064801579987
شپلی,2026-10-06,0.559828229610679,0.2915014108973547
شکام,2026-10-06,0.6989616779343024,0.19179864348128559
شکبیر,2026-10-06,0.7127424507271307,0.15861579376320145
شکربن,2026-10-06,0.652675075870568,0.2136438282135044
شکلر,2026-10-06,0.7084123303663992,0.14652538045275793
شگامرن,2026-10-06,0.6161349345596466,0.07126777662221649
شگستر,2026-10-06,0.7819657244068614,0.08335062392257764
شگل,2026-10-06,0.725717264140386,0.13709639274697924
شگویا,2026-10-06,0.7174362189210689,0.15333585634565214
شیراز,2026-10-06,0.6192142518588071,0.22061245669854956
شیران,2026-10-06,0.7740130850896144,0.17385936220685455
صبا,2026-10-06,0.6620538358609104,0.2052166645299773
عالیس,2026-10-06,0.760689136723525,0.19291893633467738
غاذر,2026-10-06,0.7113175878555187,0.19469513630611676
غالبر,2026-10-06,0.7106170823080928,0.14704810290793496
غانیزان,2026-10-06,0.7736404616499347,0.059416403614328345
غبشهر,2026-10-06,0.706862056732032,0.1874985492355421
غبهار,2026-10-06,0.7680539352373636,0.0620038518441517
غبهنوش,2026-10-06,0.7533116683527146,0.1193618415629784
غدانه,2026-10-06,0.7202268377636672,0.20536959212299405
غدشت,2026-10-06,0.775711531786578,0.08234391627737847
غدیس,2026-10-06,0.7278720451775388,0.17284831269565476
غزر,2026-10-06,0.7174226374235979,0.16963628448141835
غسالم,2026-10-06,0.7597874601807052,0.17687399848788507
غشاذر,2026-10-06,0.7577353079446627,0.12230586431711374
غشان,2026-10-06,0.693177987219714,0.18641395304429736
غشصفا,2026-10-06,0.7063148364628453,0.20705148989850686
غشهد,2026-10-06,0.7170175451440924,0.2418885198921595
غشهداب,2026-10-06,0.7515550736229655,0.17938748570360574
غشوکو,2026-10-06,0.7560172500247309,0.1488550126110522
غصینو,2026-10-06,0.7843935809286741,0.17739122705043128
غفارس,2026-10-06,0.7099812995475583,0.18122052842473993
غمارگ,2026-10-06,0.7027112669187984,0.27707323400322864
غمایه,2026-10-06,0.786308405908717,0.06299457025756774
غمهرا,2026-10-06,0.6976257979933828,0.16890260815245436
غمینو,2026-10-06,0.7202506582001298,0.20478528204446753
غناب,2026-10-06,0.7156173342765338,0.19677744723169777
غنوش,2026-10-06,0.767618511774786,0.19645546897426666
غنیلی,2026-10-06,0.6704587914689742,0.2902964762773165
غویتا,2026-10-06,0.737492866137376,0.12499131980474947
غپآذر,2026-10-06,0.7160020316232723,0.17445062421194582
غپاک,2026-10-06,0.696531065197796,0.22091202749062555
غپونه,2026-10-06,0.6981459157042045,0.11658385816618401
غپینو,2026-10-06,0.6914442153055209,0.15778241706803586
غچین,2026-10-06,0.6950054671338917,0.20263276171263428
غکورش,2026-10-06,0.7265430740043121,0.2007227324944485
غگرجی,2026-10-06,0.7741876122805532,0.14332453564730682
غگز,2026-10-06,0.7350746558280558,0.19764485439715426
غگل,2026-10-06,0.7522999369995372,0.16007755739737067
غگلستا,2026-10-06,0.7507485298336272,0.16665837684179702
غگلپا,2026-10-06,0.7052480279545611,0.21360898517810487
غگیلا,2026-10-06,0.7595409800678766,0.16494905981267546
فاذر,2026-10-06,0.7572014250226136,0.10260055674085991
فاراک,2026-10-06,0.7659083836392608,0.10554181249671174
فارس,2026-10-06,0.72871089081037,0.184638861085008
فاسمین,2026-10-06,0.7107129239110227,0.17984357181069852
فافزا,2026-10-06,0.7176781439127419,0.24600402565601318
فافق,2026-10-06,0.7409723935402807,0.16920281077263963
فالوم,2026-10-06,0.6836062822095781,0.19030758691885638
فاما,2026-10-06,0.7023710608183972,0.20024534343070405
فاهواز,2026-10-06,0.7559649056407408,0.03851299328025487
فایرا,2026-10-06,0.7661878801199333,0.18150263409627043
فباهنر,2026-10-06,0.7041617067895098,0.22469182166371962
فبستم,2026-10-06,0.6393521701911484,0.22110514145918547
فبیرا,2026-10-06,0.7027064810334273,0.15629718309698715
فتوسا,2026-10-06,0.7237571258325531,0.1375782825924857
فجام,2026-10-06,0.7138909381613598,0.19646905093425399
فجر,2026-10-06,0.7701713900784044,0.06277883824892316
فجهان,2026-10-06,0.7677002397040519,0.09018928622686634
فجوش,2026-10-06,0.7292667952356026,0.06600954090809429
فخاس,2026-10-06,0.7024929941433812,0.19964926902985528
فخوز,2026-10-06,0.7069762941573884,0.13231744007551904
فرآور,2026-10-06,0.7586824325649288,0.10661927725927929
فرابورس,2026-10-06,0.7244710533721973,0.17083003544856795
فرود,2026-10-06,0.7863922836789435,0.08690853399611154
فروس,2026-10-06,0.7046495362797104,0.29272990157480727
فروسیل,2026-10-06,0.7299982476634738,0.16282994311801607
فروژ,2026-10-06,0.7297118977745097,0.2175774069203736
فروی,2026-10-06,0.7339927974962671,0.1583418782662911
فزر,2026-10-06,0.7492037341132934,0.06980715942845496
فزرین,2026-10-06,0.7030488095831365,0.19946317660439297
فسا,2026-10-06,0.7516437394163014,0.058321984913384486
فسازان,2026-10-06,0.7600971319001683,0.12264364964085203
فسبزوار,2026-10-06,0.7570726646638519,0.10598591652576411
فسدید,2026-10-06,0.6440131124583419,0.28357848459906054
فسرب,2026-10-06,0.6477388290780552,0.24285285676298052
فسوژ,2026-10-06,0.7568360254262135,0.10055968754630772
فسپا,2026-10-06,0.7861536306625688,0.0750421188264988
فصبا,2026-10-06,0.7679547988934895,0.09719305206264751
فغدیر,2026-10-06,0.7585439701841916,0.0885421830998485
فلامی,2026-10-06,0.7574225846824573,0.09891360507670953
فلوله,2026-10-06,0.7539623909445287,0.17696183129360135
فماک,2026-10-06,0.6816164662144927,0.1844847870113225
فمراد,2026-10-06,0.719268931310506,0.11493356200739127
فملی,2026-10-06,0.7452715012518554,0.11421593112544802
فن آوا,2026-10-06,0.676267201555749,0.18686493892706657
فن افزار,2026-10-06,0.7384278613267825,0.12949947507547185
فنر,2026-10-06,0.7306145739666409,0.18248418799224433
فنفت,2026-10-06,0.7364640040882989,0.2001440591901867
فنوال,2026-10-06,0.7852863289396159,0.06568218006319317
فنورد,2026-10-06,0.7310261848630748,0.15577458927340765
فولاد,2026-10-06,0.7477746029590695,0.10188175047207707
فولاژ,2026-10-06,0.762770679389243,0.14464825517642435
فولای,2026-10-06,0.7338314173004484,0.18844596028460328
فوکا,2026-10-06,0.7619238196791295,0.0696615178400375
فپنتا,2026-10-06,0.745408131133391,0.10692218890230745
فکمند,2026-10-06,0.7322879459228484,0.15453461864354637
فگستر,2026-10-06,0.7193354700581905,0.13367373859146695
قاروم,2026-10-06,0.7189802412941084,0.04852770201161973
قاسم,2026-10-06,0.7765925845699717,0.05773338884367777
قتربت,2026-10-06,0.7030844202065984,0.14780860987928485
قثابت,2026-10-06,0.7328396478808434,0.13652897520978985
قجام,2026-10-06,0.7558536812584248,0.15727091471850446
قرن,2026-10-06,0.7499586665242101,0.16949464075665727
قزوین,2026-10-06,0.703561427273659,0.14642841867868334
قشرین,2026-10-06,0.7488199444458195,0.10727359046009936
قشهد,2026-10-06,0.6477050259559068,0.23953677920064037
قشکر,2026-10-06,0.7315650892893001,0.25014711232440745
قشیر,2026-10-06,0.7174287871899052,0.21159495541349457
قصفها,2026-10-06,0.7557970943322604,0.21149568087782084
قلرست,2026-10-06,0.7207830499824481,0.25119516678266784
قمرو,2026-10-06,0.6604207975022339,0.2873292625149011
قنقش,2026-10-06,0.743175406478037,0.19635330295599537
قنیشا,2026-10-06,0.7467402167192368,0.1631867939073569
قهکمت,2026-10-06,0.7051002179426084,0.1968977125041765
قپیرا,2026-10-06,0.6440243717510816,0.2591444895245739
قچار,2026-10-06,0.7105392580888477,0.14450430580528703
قیستو,2026-10-06,0.474307146406848,0.3141002172276055
لابسا,2026-10-06,0.7659839370503699,0.10520578495325016
لازما,2026-10-06,0.7606810425127057,0.13367505157198828
لخزر,2026-10-06,0.7228592134334815,0.1726837387166811
لسرما,2026-10-06,0.715917422940242,0.2509209400604539
لطیف,2026-10-06,0.7494360243428058,0.09874832809727214
لوتوس,2026-10-06,0.7142403264862359,0.14988152857797302
لپارس,2026-10-06,0.6811827416629821,0.20680586321375147
لپیام,2026-10-06,0.7228524484218787,0.1425985979710366
لکما,2026-10-06,0.6759251642444919,0.1832865172365309
ما,2026-10-06,0.7527141296128944,0.15102431032317537
مادیرا,2026-10-06,0.6990798430237745,0.1498844962449709
مارون,2026-10-06,0.751024915709843,0.1881945255395539
مبین,2026-10-06,0.5941571573883148,0.293836133705334
محتشم,2026-10-06,0.764307035165843,0.09966112535164394
مدیریت,2026-10-06,0.7790754011847545,0.10284252018848145
معیار,2026-10-06,0.736346593160379,0.15189192530874704
معین,2026-10-06,0.6807089234805261,0.2220851260165809
ملت,2026-10-06,0.7515574198078814,0.10911750286530816
ممسنی,2026-10-06,0.7544393448889779,0.07911406441024137
مهر,2026-10-06,0.7397347519848857,0.11227782955655999
مهرمام,2026-10-06,0.7010174615722744,0.13229729207421445
مهرگان,2026-10-06,0.730851260614559,0.1402621969942959
موج,2026-10-06,0.6994457476346709,0.18438179737103105
میدکو,2026-10-06,0.6950949078185418,0.13860845062658955
میهن,2026-10-06,0.7554361440191035,0.21638905349540635
نارنج اهرم,2026-10-06,0.7103532976102508,0.19241926511993365
ناما,2026-10-06,0.7762833334376859,0.09489644487831785
نان,2026-10-06,0.763659486985766,0.1595960188593828
نبابک,2026-10-06,0.7213929409153067,0.13261856747889209
نتوس,2026-10-06,0.8850888508879118,0.023847218573528495
نخریس,2026-10-06,0.7504429500232752,0.13389829026846942
نطرین,2026-10-06,0.720113308611527,0.2207186031912651
نمرینو,2026-10-06,0.7045208481378353,0.2170802772975173
نوری,2026-10-06,0.6638776627357472,0.2436421288205067
نوین,2026-10-06,0.56940273356849,0.34812512719825056
نیان,2026-10-06,0.7223673127226822,0.16636273892671175
نیشکر,2026-10-06,0.7293452335405449,0.12003493726327048
های وب,2026-10-06,0.735937043311653,0.18401452827817372
هجرت,2026-10-06,0.6973228517030526,0.21236545772610568
هرمز,2026-10-06,0.6813750648619188,0.19652821941361734
همراه,2026-10-06,0.7326952271726147,0.17237796894214694
وآتوس,2026-10-06,0.6541427675157853,0.3003557860215464
وآذر,2026-10-06,0.7330859430521894,0.14284423422016188
وآرین,2026-10-06,0.7405447078139319,0.17226273004537548
وآفر,2026-10-06,0.7309435449287761,0.20877852941621627
وآفری,2026-10-06,0.7181621259140829,0.2740187756334575
وآوا,2026-10-06,0.5550924395992923,0.28438867452955763
واتی,2026-10-06,0.7337986151014398,0.14667798004359475
واحصا,2026-10-06,0.7465261894781627,0.10493565187188594
واحیا,2026-10-06,0.7574134680806638,0.08224706780495006
واعتبار,2026-10-06,0.7524297869293635,0.11206590541861741
والبر,2026-10-06,0.7621316706251435,0.1807341519723931
والماس,2026-10-06,0.6751152001031082,0.21019327253954356
وامید,2026-10-06,0.71595207730548,0.1318289526221383
وامیر,2026-10-06,0.717982926876588,0.18164925060270776
وامین,2026-10-06,0.7346130377909135,0.14622343382844738
وایرا,2026-10-06,0.7234278491368952,0.15565569098277873
وایران,2026-10-06,0.7532575319929735,0.22400315141027372
وبانک,2026-10-06,0.699307674238954,0.20090364327836396
وبرق,2026-10-06,0.718243134277468,0.22912036671943675
وبشهر,2026-10-06,0.6930695251154672,0.22179145238166295
وبصادر,2026-10-06,0.7076505224232529,0.20563198883356004
وبملت,2026-10-06,0.7517652601291304,0.15702374192900823
وبهمن,2026-10-06,0.754319019204119,0.18131628481786793
وبوعلی,2026-10-06,0.7267538284322359,0.13677656631686103
وبیمه,2026-10-06,0.6458872320743225,0.26073480355676415
وتجارت,2026-10-06,0.7024081115600823,0.18549590000210106
وتعاون,2026-10-06,0.7645278065171089,0.11136757655624802
وتوس,2026-10-06,0.6944099215958753,0.18825133992664148
وتوسم,2026-10-06,0.6360996706724762,0.2242406609848346
وتوسکا,2026-10-06,0.7354136335290068,0.1537530524564942
وتوشه,2026-10-06,0.7601913483451314,0.14061497945275636
وتوصا,2026-10-06,0.7227386476995139,0.20652210956149877
وتوکا,2026-10-06,0.7321928125230959,0.13164079739160214
وثخوز,2026-10-06,0.7625023555308332,0.1827800271234546
وثنو,2026-10-06,0.6473033907366232,0.20697439133170323
وثوق,2026-10-06,0.7333370466639554,0.1732109807334386
وحافظ,2026-10-06,0.7442170831457713,0.1920755355007717
وحکمت,2026-10-06,0.7534619582219934,0.14791866150913352
وخارزم,2026-10-06,0.7858353319359033,0.0644910927579258
وخاور,2026-10-06,0.6784099878030543,0.2037391724148681
ودانا,2026-10-06,0.6855586495558518,0.2102633991573081
ودی,2026-10-06,0.7145691712018659,0.19082841992799662
ورازی,2026-10-06,0.7448371170018169,0.11251577914304249
ورنا,2026-10-06,0.7245888866127195,0.12610201813035998
وساخت,2026-10-06,0.7414126672493123,0.17936575130551063
وسالت,2026-10-06,0.7398051069708858,0.14526460308174458
وساپا,2026-10-06,0.7011320539907472,0.1965393709352824
وسدید,2026-10-06,0.6938872344490546,0.2025860022708332
وسرمد,2026-10-06,0.7750390228196123,0.16240450933677084
وسنا,2026-10-06,0.6894345815994236,0.188327643013342
وسپه,2026-10-06,0.7027130577157437,0.19396051097671604
وسپهر,2026-10-06,0.7716629190654535,0.1346226186319667
وسکاب,2026-10-06,0.7663753060801047,0.1392509566732988
وسینا,2026-10-06,0.7506589430697475,0.15673129287557402
وصنا,2026-10-06,0.692316447022522,0.2077801293714763
وصندوق,2026-10-06,0.7290941272242369,0.21322091412285749
وصنعت,2026-10-06,0.7635656454879978,0.1873123473497484
وطوبی,2026-10-06,0.6876597430400679,0.16761381618790516
وغدیر,2026-10-06,0.7575931648440328,0.129316019526391
وفتخار,2026-10-06,0.6718882345872139,0.2154576165665351
ولانا,2026-10-06,0.6905507222019895,0.2850216261368355
ولبهمن,2026-10-06,0.6907419686800278,0.2316942365160491
ولتجار,2026-10-06,0.7212604405414129,0.24786179217556917
ولساپا,2026-10-06,0.7786914278563957,0.07225218824438685
ولشرق,2026-10-06,0.7463070136471313,0.10199640706348649
ولصنم,2026-10-06,0.7621280236754145,0.10357869056467055
ولغدر,2026-10-06,0.7557958756464912,0.09989518002244294
ولقمان,2026-10-06,0.6429800808061761,0.08565896923832485
ولنوین,2026-10-06,0.7799551334117518,0.08119838685736556
ولپارس,2026-10-06,0.7725553287900774,0.05815539764175751
ولکار,2026-10-06,0.7920268502514171,0.09595988266831197
ولیز,2026-10-06,0.7061915391316451,0.17083997343530705
ومدیر,2026-10-06,0.7881560605952751,0.09322449161813814
ومشان,2026-10-06,0.7718149119273024,0.08607008574327427
ومعادن,2026-10-06,0.6824400211204872,0.11704018517008676
ومعلم,2026-10-06,0.7589081244621179,0.15700738626488647
وملت,2026-10-06,0.7460022894293347,0.03512057033261711
وملی,2026-10-06,0.7140484060663858,0.2294369209222123
ومهان,2026-10-06,0.7446676591248038,0.17224329296457933
ومپنا,2026-10-06,0.7376286937477616,0.12177460587137935
ونفت,2026-10-06,0.6968126438965897,0.2705402097166997
ونوین,2026-10-06,0.701222898149812,0.16721568049728341
ونیرو,2026-10-06,0.7217117844557321,0.16078675365555764
ونیکی,2026-10-06,0.659644409141578,0.2087593439241834
وهامون,2026-10-06,0.7522342252811449,0.14328847374580325
وهنر,2026-10-06,0.6943845805848601,0.17636685807429794
وهور,2026-10-06,0.7838758303274533,0.0829078045651061
وپارس,2026-10-06,0.6372851002744502,0.28344078488306346
وپاسار,2026-10-06,0.6988500332898632,0.19557819131557425
وپایا,2026-10-06,0.780716337595664,0.0721404568745341
وپترو,2026-10-06,0.5251637927776295,0.2906110683729269
وپخش,2026-10-06,0.7274556672724367,0.2051810880804899
وپسا,2026-10-06,0.6980292522522378,0.26745943683111323
وپست,2026-10-06,0.7139352839061696,0.15350865555003884
وکادو,2026-10-06,0.7707100627506959,0.09297957484026786
وکار,2026-10-06,0.7234868558923676,0.13263756606096838
وکبهمن,2026-10-06,0.7381672354661778,0.12609809880234057
وکغدیر,2026-10-06,0.7586556635212695,0.1129486740496847
وگردش,2026-10-06,0.7923175046346064,0.11449016886383075
وگستر,2026-10-06,0.7350168175290029,0.17092151525951307
ویسا,2026-10-06,0.7018136710823674,0.2101760879465852
پارتا,2026-10-06,0.4905299676904996,0.1779922564435796
پارس,2026-10-06,0.7346615217124645,0.1606496000677614
پارسان,2026-10-06,0.7349570033247764,0.17308531883220477
پارسیان,2026-10-06,0.7146439124922733,0.16723060230638015
پاسا,2026-10-06,0.6912675409838139,0.18167280621546963
پاکشو,2026-10-06,0.6959207166935909,0.22609870162858942
پتایر,2026-10-06,0.7592561789146652,0.15044509788290172
پترول,2026-10-06,0.7148535507546969,0.24105699437717354
پتوسعه,2026-10-06,0.754179221032221,0.16545575854089437
پخش,2026-10-06,0.7750313163371604,0.19525443917632807
پدرخش,2026-10-06,0.7260941038738195,0.13304603697637443
پرداخت,2026-10-06,0.7114897717042085,0.18173915790975467
پردیس,2026-10-06,0.7625153594905456,0.18148376245320103
پسهند,2026-10-06,0.6984902862109245,0.17389568489854054
پشاهن,2026-10-06,0.7733828554652866,0.09345015428624191
پلاست,2026-10-06,0.6767343671654057,0.16995164484416317
پلاسک,2026-10-06,0.7404632127300452,0.1440541692087282
پکرمان,2026-10-06,0.7216948917143015,0.19928404298611874
پکویر,2026-10-06,0.6982811290013707,0.24906443165320194
پی پاد,2026-10-06,0.743023011212398,0.16271825041491048
پیزد,2026-10-06,0.7517265503037872,0.0978318350949058
چافست,2026-10-06,0.7660508693102606,0.07563115692194722
چخزر,2026-10-06,0.7829736907898996,0.058876569120161815
چدن,2026-10-06,0.703834443689345,0.17890404589669753
چفیبر,2026-10-06,0.7629253477482788,0.19733064015873444
چنوپا,2026-10-06,0.7285987081155063,0.2073182638099186
چکارن,2026-10-06,0.7494956397191223,0.11889087405919269
چکاوه,2026-10-06,0.7665179783578363,0.09833389539315063
چکاپا,2026-10-06,0.7700099290591286,0.07410770544926933
کابگن,2026-10-06,0.810941938621917,0.06512013566649276
کاذر,2026-10-06,0.7434290762545517,0.10787216054331512
کاریز,2026-10-06,0.619484108537282,0.1728837258057384
کازرو,2026-10-06,0.7608737561766906,0.08121533660145704
کاسپین,2026-10-06,0.7085489457191875,0.17801188989382777
کالا,2026-10-06,0.7255297746411677,0.1769345233875313
کاما,2026-10-06,0.7683023080641235,0.17450757317695412
کانسار,2026-10-06,0.7391117542419301,0.13737948006163947
کایتا,2026-10-06,0.7168228607738245,0.12306540723972366
کایزد,2026-10-06,0.7393604652972791,0.1888020430182198
کباده,2026-10-06,0.7240613723128447,0.20152147491120526
کبافق,2026-10-06,0.7033610588780332,0.20623254287186782
کترام,2026-10-06,0.7617254330899474,0.12396900717805237
کتوسعه,2026-10-06,0.7671320695586983,0.13877189025300413
کتوکا,2026-10-06,0.6767906342023394,0.19428740761083654
کحافظ,2026-10-06,0.7573840386025339,0.15252676249111155
کخاک,2026-10-06,0.7789393303527318,0.05114689306077429
کدما,2026-10-06,0.7516292504220947,0.206377578264163
کرازی,2026-10-06,0.7230602886358068,0.16006136397861137
کربن,2026-10-06,0.7418409684273597,0.14347916729563312
کرماشا,2026-10-06,0.6917553844440921,0.21651137516723346
کرمان,2026-10-06,0.7642217451487555,0.11821857658561813
کرومیت,2026-10-06,0.7004842983829249,0.229255498170248
کزغال,2026-10-06,0.7728613739806075,0.11992463692562651
کساوه,2026-10-06,0.7448282605123525,0.12711552179615632
کساپا,2026-10-06,0.7431720019605527,0.17264069001336516
کسرا,2026-10-06,0.7135691273333478,0.20017731649179912
کسرام,2026-10-06,0.7057780015974221,0.23449347655124614
کشرق,2026-10-06,0.7518391117486591,0.19128833812113008
کصدف,2026-10-06,0.7612187203517604,0.17028851756893734
کطبس,2026-10-06,0.773805075376776,0.088936247116886
کفرآور,2026-10-06,0.7393384932943743,0.12653919615262815
کفرا,2026-10-06,0.7313541269676774,0.15441257186310023
کفپارس,2026-10-06,0.7773778729648945,0.06360911457619133
کقزوی,2026-10-06,0.713651479230281,0.21092781540053226
کلر,2026-10-06,0.7615171310682185,0.09938186165050016
کلوند,2026-10-06,0.7592420682281684,0.15793910805647252
کمرجان,2026-10-06,0.7517845008409472,0.18619548827554822
کمنگنز,2026-10-06,0.7596539387349468,0.11802002333625707
کمینا,2026-10-06,0.7104906985616677,0.19911147900327528
کنور,2026-10-06,0.7473477360926121,0.12798168427059534
کهرام,2026-10-06,0.6891291060267201,0.09661693856852352
کهمدا,2026-10-06,0.7163641108818145,0.1737720124532789
کوثر,2026-10-06,0.7531431875751239,0.17196661239802072
کورز,2026-10-06,0.7253676670390806,0.2167847369910225
کویر,2026-10-06,0.7609655874768486,0.13289552798371007
کپارس,2026-10-06,0.732319197660836,0.18301084994256211
کپرور,2026-10-06,0.7277743833675574,0.16472503280783515
کچاد,2026-10-06,0.7648132994065714,0.11519613947360036
کگاز,2026-10-06,0.7049991630018356,0.17912119208633048
کگل,2026-10-06,0.7574805716174858,0.1245382681224699
کگهر,2026-10-06,0.7683733195053356,0.11836336015966066
کی بی سی,2026-10-06,0.7391656785884564,0.102691542045702
کیا,2026-10-06,0.730744775605587,0.20698872569749444
کیانا,2026-10-06,0.7200885474407561,0.1813077899469416
کیسون,2026-10-06,0.7177418460443723,0.2512763784070289
کیمیا,2026-10-06,0.7081020092492296,0.18856022881488754
کیمیاتک,2026-10-06,0.700838624062485,0.18812138378476712
گدنا,2026-10-06,0.7520244703321635,0.17340177942908244
گشان,2026-10-06,0.7264571636504801,0.20924716963249723
گنگین,2026-10-06,0.7280933825351134,0.12888906058981098
گوهران,2026-10-06,0.753297241152623,0.14390844189317328
گپارس,2026-10-06,0.7196247085156856,0.17799449809182494
گکیش,2026-10-06,0.7132969164380404,0.18796631227535796
