idx,h,var,ic,ic_first,ic_second,t,beta,n
tedpix,5,usd_r5,0.12419872211975894,0.08034093262194637,0.154054363927557,1.369243212450663,0.002825346575723014,2648
tedpix,5,usd_r20,0.1536277820804548,0.10496990773216962,0.21883169459326834,1.5994783925954201,0.003096313405292888,2648
tedpix,5,usd_r60,0.17542740120243303,0.13559964937102026,0.23520370317238137,1.5252299321123448,0.003637650392835299,2648
tedpix,5,nima_r20,0.17045622996865226,0.1637898054190166,0.18536407033619273,1.784944060592087,0.004000795212976715,2648
tedpix,5,nima_r60,0.1031263225404175,0.17849590485052777,0.036668791651890666,0.7888809488928854,0.002149164590589666,2648
tedpix,5,spread,0.04368567999053787,0.11161585819351336,0.1569328912032948,0.9780405769359757,0.0015526875343710258,2648
tedpix,5,spread_d20,-0.0001151675572029833,-0.07079698141939862,0.09270668521260943,-0.7512599120588812,-0.0015765750776984794,2648
tedpix,5,real,-0.09984799425278297,-0.04562771412454268,-0.22102586102695687,-0.2609198442910722,-0.0006052347186112463,2468
tedpix,5,rf,0.004546406057493342,-0.09354870269126932,0.16283089202919412,0.38834003152599794,0.0008415420817320051,2557
tedpix,5,rf_d20,-0.06701892371506933,-0.10571099456864526,-0.008295368628988942,-1.31435578393684,-0.002209289983718672,2537
tedpix,5,rf_d60,-0.05737862975958571,-0.06200683964928806,-0.0031734895804242753,-0.5982180611103216,-0.0010707310274425562,2497
tedpix,5,usd_val,-0.037631809803607794,0.04304532654541465,-0.17067858470900701,-0.9573327438090027,-0.002911629179798539,2469
tedpix,5,flow20,0.24651937611803956,0.2501167912293659,0.2138501501501014,0.6442813181609198,0.0017898507556651528,2608
tedpix,20,usd_r5,0.12296223548045787,0.06560870048684239,0.1916695822277506,1.6740117422015086,0.007687556274019615,2633
tedpix,20,usd_r20,0.22214707666533026,0.1623795216583488,0.3023588802576766,1.7857624773385816,0.012754973062211416,2633
tedpix,20,usd_r60,0.2228249982125375,0.1632000208585674,0.31784935019502364,1.9340153180558342,0.016355361563431037,2633
tedpix,20,nima_r20,0.17425022358615802,0.180512775785592,0.1916150703718678,1.0476181450168083,0.007385726769722272,2633
tedpix,20,nima_r60,0.03913961239085008,0.1416931918708317,-0.04950110481179678,0.31899227308419065,0.0029147993681397184,2633
tedpix,20,spread,0.1161459722881561,0.229573442594599,0.24236033928062967,2.0707790737685565,0.011955242295457224,2633
tedpix,20,spread_d20,0.0770483041099844,-0.04491123314954175,0.2111665567994311,0.37928339949472106,0.0027080960576602877,2633
tedpix,20,real,-0.10624709580375583,-0.07233626204942185,-0.250971126860282,-0.13759863240217599,-0.0013169217125755968,2453
tedpix,20,rf,0.023704108574057903,-0.06336674801467823,0.22683011194498426,0.47039100215858975,0.004452983919506593,2542
tedpix,20,rf_d20,0.005655319230069057,-0.029244079073680238,0.08585772677909034,-0.4384765725106641,-0.0029879241346524752,2522
tedpix,20,rf_d60,-0.02887585595483796,-0.06537268266157169,0.08859390283310148,-0.41202626049906643,-0.003271664168495276,2482
tedpix,20,usd_val,-0.14829081231151747,-0.02288412728061392,-0.4051041547694632,-0.8395632168931959,-0.011285306808582647,2454
tedpix,20,flow20,0.2152718027006374,0.2551878566527757,0.13726689904767084,0.9827216627588482,0.009159048564572645,2593
tedpix,60,usd_r5,0.12782225608404876,0.08365230809761418,0.17609939312866743,2.722271411344981,0.020130294236654973,2593
tedpix,60,usd_r20,0.2444422489403503,0.16419066895124634,0.33167790125660374,2.1961341809360766,0.035239226108879196,2593
tedpix,60,usd_r60,0.14178479823255646,0.03505422111312521,0.28785243863373866,1.0351645167110035,0.024198842810473388,2593
tedpix,60,nima_r20,0.07760397501452529,0.06686803634141528,0.0804540453619106,1.1276188378673004,0.012489618873347576,2593
tedpix,60,nima_r60,-0.03737438338983676,-0.059267530331186036,-0.0202462713746133,-0.5454460965333657,-0.01179834724419174,2593
tedpix,60,spread,0.179340004870481,0.3704051206198003,0.22120502854693447,1.90413892625205,0.033750646129882315,2593
tedpix,60,spread_d20,0.12370413874109484,-0.0036474750159599606,0.23646386370665345,0.8899307055717451,0.013780862436351403,2593
tedpix,60,real,-0.07545278328372722,0.021844303391341018,-0.27103429777704147,0.4339291612338457,0.011587579927688777,2413
tedpix,60,rf,0.06091526844295712,-0.034377933469684686,0.34426738557628406,0.27053918868158183,0.007258996383435719,2502
tedpix,60,rf_d20,-0.0014934547544718736,-0.05247274342398064,0.09282420023313033,-0.3260005740690688,-0.007219289132376898,2482
tedpix,60,rf_d60,0.022984807816025913,-0.11511870610546523,0.25450852264861973,0.05855153651237872,0.0012241835300484092,2442
tedpix,60,usd_val,-0.24759072483450598,-0.13124256882134372,-0.5431547824996014,-0.5198293285854279,-0.020401186518237892,2414
tedpix,60,flow20,0.0972118147076087,0.1406426844911122,-0.061859236894977764,-0.21195688113332112,-0.004510757087394339,2553
ewt,5,usd_r5,0.07667653320768864,0.0235590481865247,0.120242690751559,0.8296565884696052,0.0013709705798997287,2648
ewt,5,usd_r20,0.1006229052731811,0.02440355427096521,0.18756566461747914,1.3034461693641433,0.002199140565110827,2648
ewt,5,usd_r60,0.1252599677096471,0.03466225493808148,0.23032956622553316,1.1423212987264286,0.0025588505431342174,2648
ewt,5,nima_r20,0.11356474464450235,0.06306692194827994,0.16978865156315534,1.638520952694482,0.002541716630096827,2648
ewt,5,nima_r60,0.08326811872234717,0.0879004592902814,0.07856010515939292,0.5244501900942011,0.0016171942445204494,2648
ewt,5,spread,0.03802335656987125,0.12871609192021083,0.13034034095601746,0.5141051042829199,0.0007513293035649304,2648
ewt,5,spread_d20,-0.00345415809766786,-0.049694989299561336,0.07529636217480778,-0.6477945042161406,-0.0009915247163582276,2648
ewt,5,real,-0.09485139005044875,-0.023897823342423793,-0.21224265493756314,-0.6533504821053673,-0.0016481963498646928,2468
ewt,5,rf,-0.005074874624599345,-0.019633302247339737,0.1507047505222891,0.2401300062652834,0.0004402804019526065,2557
ewt,5,rf_d20,-0.12035312660949543,-0.14504960454052537,-0.06761505444124408,-2.1321908485934267,-0.0029787541765241505,2537
ewt,5,rf_d60,-0.09871583622599843,-0.06838394197215637,-0.05982962098804965,-0.5962751463303642,-0.000875516617122973,2497
ewt,5,usd_val,-0.024059767105719807,0.04913701929413137,-0.1675049405632137,-0.9242239606423309,-0.0023791520075945984,2469
ewt,5,flow20,0.29467408809059487,0.24721620375278652,0.2926714389769412,0.6326121915975449,0.0015177683111629557,2608
ewt,20,usd_r5,0.07738831498970003,-0.0013367346500684472,0.16815944799143187,1.3830804126130318,0.005718423878749602,2633
ewt,20,usd_r20,0.12171128516410762,0.019408080200998937,0.23617642923587154,1.0763153306377093,0.007413770043845211,2633
ewt,20,usd_r60,0.15890668602127736,0.022348299421141877,0.3078455787762167,1.3115497041825919,0.013000890797755583,2633
ewt,20,nima_r20,0.12429318960655696,0.06984265761884403,0.1715688441269421,1.423483019741796,0.011216464448984645,2633
ewt,20,nima_r60,0.04676431477337855,0.05499203238223169,0.023371842504075705,0.515084752760972,0.0063223838586658225,2633
ewt,20,spread,0.0638573354902816,0.2203572796600277,0.18098468524833441,0.7878506518033446,0.004994802627668984,2633
ewt,20,spread_d20,0.013486010844845058,-0.07097668270683138,0.14057108030509216,-0.7539133805096363,-0.00600705524865556,2633
ewt,20,real,-0.11806865592279318,-0.048378667204300785,-0.2540861473788289,-0.7377487915249442,-0.007961867973091565,2453
ewt,20,rf,0.002577670043157586,0.014445663103415161,0.22178472429310145,0.3938871524632363,0.0033560692051763682,2542
ewt,20,rf_d20,-0.07012403856477249,-0.08259505517773813,0.0014196555780046141,-0.7214919174906778,-0.004227539962257601,2522
ewt,20,rf_d60,-0.08357058085447837,-0.05910986866975323,0.0182301444844529,-0.10505098191807581,-0.0008115093224388852,2482
ewt,20,usd_val,-0.10140470373116924,0.029757534917150014,-0.4020361914732131,-0.9369003675071105,-0.011307158531556023,2454
ewt,20,flow20,0.24053509894538724,0.17368263760743152,0.21288406566525564,0.49515733658539063,0.005118337526551644,2593
ewt,60,usd_r5,0.07858894453955313,-0.0033999097037672294,0.15023915731836554,1.9180638947300066,0.01477929837276965,2593
ewt,60,usd_r20,0.15649775107589772,0.03767160791227919,0.27146277857183293,1.6887150944662601,0.027986103656693163,2593
ewt,60,usd_r60,0.14650590936761887,0.02430018808750785,0.31170670806979067,0.9872811011960243,0.022774937222444044,2593
ewt,60,nima_r20,0.050178825953310795,0.020879180108905243,0.07471851463179074,1.9874727444065292,0.01961122715427178,2593
ewt,60,nima_r60,0.04108227954508638,-0.03573264319569788,0.1346308827323941,-0.187082829238264,-0.0046038451366142924,2593
ewt,60,spread,0.1035837862730015,0.39638326153814424,0.1849021101779511,1.6104770599365215,0.03083060555224632,2593
ewt,60,spread_d20,0.0930466867657971,0.007080307388885248,0.1701648336973664,0.1449080777524195,0.0021000301593324822,2593
ewt,60,real,-0.1524060157623599,-0.09786484423598728,-0.28042130765159484,-0.6604098491179919,-0.020177889518154968,2413
ewt,60,rf,0.03980084495283297,0.10528000842065327,0.34308768879538987,0.3916889485558963,0.009648169844488698,2502
ewt,60,rf_d20,-0.043888728978432254,0.004866762794350024,0.007990588343094827,-0.11290541960466396,-0.0021957454049537427,2482
ewt,60,rf_d60,-0.004855190853458248,0.015282913620261553,0.1437479014868713,0.43491492958820244,0.008907188189827456,2442
ewt,60,usd_val,-0.2158574987391372,-0.047921867314529916,-0.6146866391198673,-1.1364051249698581,-0.038027487470266325,2414
ewt,60,flow20,0.13942745288026054,0.11931047478827599,-0.04390819764527189,0.13188251496970757,0.003098405140589181,2553
vwp,5,usd_r5,0.13483214013252168,0.09770525236141024,0.16194346178120678,1.4600916068119854,0.0030587190884770873,2648
vwp,5,usd_r20,0.15612903935683178,0.11050014053458962,0.22135016334667684,1.5838784314887075,0.0031153762802924095,2648
vwp,5,usd_r60,0.1817995084465391,0.14500896257803048,0.24201655294680482,1.5645950165912537,0.003777797400211445,2648
vwp,5,nima_r20,0.1738164920804318,0.1768322378386285,0.1762318604695454,1.8736488491979635,0.004244366200231011,2648
vwp,5,nima_r60,0.1120692322483324,0.19253827901357584,0.03625715127309858,0.8882423736745924,0.002413466116631048,2648
vwp,5,spread,0.03980646165379636,0.10003041648482104,0.15530332481550457,0.7875729607527914,0.0012922241560980594,2648
vwp,5,spread_d20,-0.0006176510345452589,-0.08130484733580574,0.09877046397042162,-0.8564211252486825,-0.0018579851401916117,2648
vwp,5,real,-0.09941162712624052,-0.050193619518005855,-0.21684129550504902,-0.31210666023105965,-0.0007307537745246226,2468
vwp,5,rf,-0.0036422910411487435,-0.11843412740244695,0.15959340769772318,0.3258949282878364,0.0007090191462212629,2557
vwp,5,rf_d20,-0.05964670560870421,-0.11065122195457829,0.009563657665744341,-1.2119889883659247,-0.0020488040506188806,2537
vwp,5,rf_d60,-0.049444719517511594,-0.06286874688670684,0.016326291903222837,-0.5604024518412081,-0.0010114192086278155,2497
vwp,5,usd_val,-0.033613156396224315,0.04970353705119911,-0.17009052692991578,-0.9082156170878193,-0.0027721723869431345,2469
vwp,5,flow20,0.24711245576842955,0.2479888805203075,0.223112151131493,0.7277184438096912,0.0020492564570078363,2608
vwp,20,usd_r5,0.12465277463082583,0.07007171440227455,0.19041807990824888,1.6654721856681312,0.007794626893026987,2633
vwp,20,usd_r20,0.22764097670292563,0.176143923611635,0.30245758531438965,1.7824554690804413,0.012791474065629067,2633
vwp,20,usd_r60,0.23107772771488663,0.17688874780877228,0.32289343356982,1.9672092640652732,0.016827185941183858,2633
vwp,20,nima_r20,0.18090282592410611,0.19433755071400866,0.18462427418218438,1.172429539418384,0.008271169439758507,2633
vwp,20,nima_r60,0.050296608252046605,0.15822178508761509,-0.051441378259125224,0.43784472289340265,0.00399181047615672,2633
vwp,20,spread,0.1113658064347611,0.2107724652984031,0.23598612654334308,1.8145499905424187,0.010868511269152038,2633
vwp,20,spread_d20,0.07821738419240697,-0.048371527982073816,0.21356962919185493,0.23376178793917538,0.0017137482622925839,2633
vwp,20,real,-0.10586224846561179,-0.07417984323002445,-0.2435583930953777,-0.200680088470571,-0.001933093579856026,2453
vwp,20,rf,0.013392451647310576,-0.09288349640274478,0.21590725994732404,0.3857033568053884,0.0036814282412564107,2542
vwp,20,rf_d20,0.015261037623976388,-0.03489475623107904,0.10825220366342687,-0.339810032508813,-0.002340786892352973,2522
vwp,20,rf_d60,-0.02020635539280529,-0.0739978540677039,0.113471996746354,-0.3778626509785667,-0.0030262630954115146,2482
vwp,20,usd_val,-0.14127724587057744,-0.013050103248508685,-0.39817039908694957,-0.7697335153999595,-0.010361001472489745,2454
vwp,20,flow20,0.21409406619625046,0.25042425397090007,0.14984142330659064,1.066497544849521,0.010367192141826602,2593
vwp,60,usd_r5,0.13396497627299803,0.08921510660861107,0.17961242470208655,2.791484730179884,0.02078916736205907,2593
vwp,60,usd_r20,0.25168923322603975,0.1735275937474047,0.3306998057469571,2.2398811219107806,0.03609467415123621,2593
vwp,60,usd_r60,0.1545799511491598,0.047010169299402264,0.2963959022635397,1.0571179942018951,0.024645384734371566,2593
vwp,60,nima_r20,0.0946371354783452,0.09262716028405751,0.07815000347675195,1.2806716312020425,0.014530823416518148,2593
vwp,60,nima_r60,-0.01537086752864756,-0.02886240640081049,-0.012065898819358718,-0.4747183444590021,-0.009910600116079997,2593
vwp,60,spread,0.17184169119753534,0.3583238521738497,0.19934775721876316,1.7134467201168277,0.03122010936100287,2593
vwp,60,spread_d20,0.12202705803500061,-0.01520006645942703,0.23797541383103893,0.7793048410373752,0.012379430890411802,2593
vwp,60,real,-0.09008954194176136,0.0006559008646858424,-0.2633512469148248,0.38478040365208704,0.010238495189581556,2413
vwp,60,rf,0.044321947116998876,-0.06271412312259732,0.3221932176935487,0.13371960688420725,0.0036019488581573262,2502
vwp,60,rf_d20,0.010123754247309814,-0.05546910300844679,0.11652602417449007,-0.2925051262336038,-0.00646510142148376,2482
vwp,60,rf_d60,0.031672523573473256,-0.1173932512510283,0.2736908322466633,-0.011604542377735134,-0.0002442463962029557,2442
vwp,60,usd_val,-0.24021553077024838,-0.11580296228683912,-0.538102413581041,-0.4211820802219355,-0.016251975797054327,2414
vwp,60,flow20,0.10034736599557165,0.14311615987533016,-0.046740982731266235,-0.1644616253550461,-0.0034468833995719905,2553
