idx,h,var,r2_oos,n
tedpix,20,usd_r5,0.016052884280760016,62
tedpix,20,usd_r20,0.04168115989979837,62
tedpix,20,usd_r60,0.048488686839908146,62
tedpix,20,nima_r20,0.014452280832424558,62
tedpix,20,nima_r60,0.00018389575616994946,62
tedpix,20,spread,0.0020989085451055267,62
tedpix,20,spread_d20,-0.00659239581660187,62
tedpix,20,real,-0.0178754793533642,62
tedpix,20,rf,-0.03766044210563302,63
tedpix,20,rf_d20,-0.03238240980042906,63
tedpix,20,rf_d60,-0.021318045957397613,63
tedpix,20,usd_val,0.012699039791765343,62
tedpix,20,flow20,-0.019114530770421467,61
tedpix,60,usd_r5,-0.010115449182854341,20
tedpix,60,usd_r20,-0.09578370905614753,20
tedpix,60,usd_r60,-0.05791685104168409,20
tedpix,60,nima_r20,-0.008597162214064147,20
tedpix,60,nima_r60,-0.0027167980375861767,20
tedpix,60,spread,-0.2260577437192013,20
tedpix,60,spread_d20,-0.0017617595764305438,20
tedpix,60,real,-0.01421361220144135,20
tedpix,60,rf,-0.05558888847522203,20
tedpix,60,rf_d20,-0.00189687795439486,20
tedpix,60,rf_d60,-0.001128873200586522,20
tedpix,60,usd_val,-0.017587538942383185,20
tedpix,60,flow20,-0.01094382312619957,20
ewt,20,usd_r5,-0.0028629569907898667,62
ewt,20,usd_r20,0.028472971395521185,62
ewt,20,usd_r60,0.03860684824300997,62
ewt,20,nima_r20,0.03680707689377094,62
ewt,20,nima_r60,0.011681287087076386,62
ewt,20,spread,-0.009366740597718026,62
ewt,20,spread_d20,-0.01885744684035151,62
ewt,20,real,0.01413167306816776,62
ewt,20,rf,-0.02689242548527293,63
ewt,20,rf_d20,-0.02990065593920943,63
ewt,20,rf_d60,-0.008537245714196118,63
ewt,20,usd_val,0.0030347635757396185,62
ewt,20,flow20,-0.0340086317064745,61
ewt,60,usd_r5,-0.005884580067067269,20
ewt,60,usd_r20,-0.054594346194833054,20
ewt,60,usd_r60,-0.03481368123020778,20
ewt,60,nima_r20,-0.01765532751527754,20
ewt,60,nima_r60,0.016995069829812803,20
ewt,60,spread,-0.35523358967158347,20
ewt,60,spread_d20,-0.13047925667954385,20
ewt,60,real,0.044920407041126986,20
ewt,60,rf,-0.12314612680355053,20
ewt,60,rf_d20,-0.0005011347071861572,20
ewt,60,rf_d60,-0.002793369902229781,20
ewt,60,usd_val,-0.025072675774662212,20
ewt,60,flow20,-0.032872720813879264,20
vwp,20,usd_r5,0.01592657225910643,62
vwp,20,usd_r20,0.04186884015327952,62
vwp,20,usd_r60,0.05051430327470974,62
vwp,20,nima_r20,0.015531378815289654,62
vwp,20,nima_r60,0.002449557781551981,62
vwp,20,spread,0.0025576172670583874,62
vwp,20,spread_d20,-0.008821092965653143,62
vwp,20,real,-0.015849072633605132,62
vwp,20,rf,-0.04281346845490641,63
vwp,20,rf_d20,-0.035960457712142846,63
vwp,20,rf_d60,-0.02281422028226543,63
vwp,20,usd_val,0.008879393065409746,62
vwp,20,flow20,-0.017847051231341116,61
vwp,60,usd_r5,-0.013097840549419537,20
vwp,60,usd_r20,-0.06831866641633821,20
vwp,60,usd_r60,-0.043767495272655,20
vwp,60,nima_r20,-0.007330985324475625,20
vwp,60,nima_r60,0.007973068527395655,20
vwp,60,spread,-0.20053681899322529,20
vwp,60,spread_d20,0.009093161748975231,20
vwp,60,real,-0.012952561593435163,20
vwp,60,rf,-0.07295592635697545,20
vwp,60,rf_d20,-0.0025420527454833586,20
vwp,60,rf_d60,-0.0055146559403622675,20
vwp,60,usd_val,-0.01604080348871495,20
vwp,60,flow20,-0.016694384883068514,20
