day,rule,dec,n,ok_r_close,ok_r1,ok_r3,ok_r5,g_r1,g_r3,g_r5
2026-10-03,R3-برگشت,رد,1,0.0,0.0,1.0,1.0,-0.01164596273291929,0.03493788819875787,0.017080745341614856
2026-10-03,R3-برگشت,منتظر پایداری,1,0.0,0.0,1.0,1.0,-0.009338521400778177,0.03735408560311293,0.01945525291828787
2026-10-03,انباشت→صف-خرید,منتظر پایداری,1,0.0,0.0,0.0,0.0,-0.03589743589743588,-0.08205128205128209,-0.09230769230769231
2026-10-03,توزیع→صف-فروش,تأیید فروش (روز بعد),14,0.0,0.7857142857142857,0.6428571428571429,0.5384615384615384,0.008432785593223286,0.0015731033012532885,-0.013194643268050386
2026-10-03,توزیع→صف-فروش,رد,2,0.0,1.0,1.0,1.0,0.027772956293242668,0.06463682167739448,0.08456160651864708
2026-10-03,توزیع→صف-فروش,منتظر پایداری,14,0.07142857142857142,0.7857142857142857,0.6428571428571429,0.5384615384615384,0.00855879824996644,0.0017014257511794226,-0.013068454941685763
2026-10-03,صف-واچ‌لیست,رد,2,0.0,0.0,0.0,0.0,-0.007462686567164201,-0.013059701492537323,-0.005597014925373123
2026-10-03,صف-واچ‌لیست,منتظر پایداری,1,0.0,0.0,0.0,0.0,-0.007462686567164201,-0.013059701492537323,-0.005597014925373123
2026-10-03,صندوق-اهرمی,رد,1,0.0,1.0,1.0,1.0,0.02777777777777768,0.08663459724580269,0.1748255046217695
2026-10-03,صندوق-اهرمی,منتظر پایداری,1,0.0,0.0,1.0,1.0,-0.01850819489352218,0.012183379113917647,0.09292613953111228
2026-10-04,R3-برگشت,تأیید خرید,1,0.0,1.0,1.0,,0.010121457489878471,0.06882591093117418,
2026-10-04,R3-برگشت,رد,1,0.0,1.0,1.0,,0.010121457489878471,0.06882591093117418,
2026-10-04,R3-برگشت,منتظر پایداری,2,0.0,0.5,0.5,,-0.023697166981498152,0.00036904598707987457,
2026-10-04,انباشت→صف-خرید,رد,1,0.0,0.0,0.0,,-0.008157211716722235,-0.033370411568409364,
2026-10-04,انباشت→صف-خرید,منتظر پایداری,1,0.0,0.0,0.0,,-0.007789317507418403,-0.033011869436201824,
2026-10-04,توزیع→صف-فروش,تأیید فروش (روز بعد),13,0.0,0.6923076923076923,0.15384615384615385,,0.008737420075268735,-0.026270766368123866,
2026-10-04,توزیع→صف-فروش,رد,3,0.0,1.0,0.3333333333333333,,0.02036582158592141,0.014867630204520569,
2026-10-04,توزیع→صف-فروش,منتظر پایداری,16,0.125,0.625,0.1875,,0.003609180286405528,-0.028077355803078005,
2026-10-05,R2-بزرگ,تأیید خرید,1,0.0,1.0,0.0,,0.028037383177569986,-0.001168224299065379,
2026-10-05,R2-بزرگ,رد,1,0.0,1.0,0.0,,0.028037383177569986,-0.001168224299065379,
2026-10-05,R2-بزرگ,منتظر پایداری,1,0.0,1.0,0.0,,0.028037383177569986,-0.001168224299065379,
2026-10-05,R3-برگشت,رد,1,0.0,0.0,1.0,,-0.006578947368421018,0.04276315789473695,
2026-10-05,R3-برگشت,منتظر پایداری,3,0.0,0.0,0.6666666666666666,,-0.012873865561147632,0.003651479294552007,
2026-10-05,انباشت→صف-خرید,تأیید خرید,2,0.0,1.0,1.0,,0.026897461112104337,0.04769354550330773,
2026-10-05,انباشت→صف-خرید,رد,8,0.0,0.75,0.75,,0.016624009449466126,0.0429452627272693,
2026-10-05,انباشت→صف-خرید,قابل خرید نیست (صف),1,0.0,0.0,0.0,,-0.009661835748792313,-0.020810107766629504,
2026-10-05,انباشت→صف-خرید,منتظر پایداری,3,0.0,0.6666666666666666,0.6666666666666666,,0.01544871088417136,0.025588372359126327,
2026-10-05,توزیع→صف-فروش,تأیید فروش (روز بعد),19,0.0,0.0,0.1111111111111111,,-0.0321689585197645,-0.05987277721193326,
2026-10-05,توزیع→صف-فروش,رد,2,0.0,0.5,0.5,,-0.006713733335898253,-0.0014572071638804807,
2026-10-05,توزیع→صف-فروش,منتظر پایداری,24,0.0,0.0,0.08695652173913043,,-0.04190339308164913,-0.06778564324180857,
2026-10-05,صف-واچ‌لیست,رد,1,0.0,1.0,1.0,,0.020310633213858953,0.08124253285543603,
2026-10-05,صف-واچ‌لیست,منتظر پایداری,2,0.0,0.5,1.0,,0.009391957828303543,0.045964777878099716,
2026-10-06,R3-برگشت,تأیید خرید,1,0.0,1.0,,,0.0046948356807512415,,
2026-10-06,R3-برگشت,رد,2,0.0,0.5,,,-0.01182903981264638,,
2026-10-06,R3-برگشت,منتظر پایداری,3,0.0,0.3333333333333333,,,-0.007101721439749594,,
2026-10-06,انباشت→صف-خرید,تأیید خرید,8,0.0,1.0,,,0.01502480115186447,,
2026-10-06,انباشت→صف-خرید,رد,16,0.1875,0.9375,,,0.015021985544828871,,
2026-10-06,انباشت→صف-خرید,منتظر پایداری,7,0.14285714285714285,0.7142857142857143,,,0.007289795445238239,,
2026-10-06,توزیع→صف-فروش,تأیید فروش (روز بعد),2,0.0,0.0,,,-0.024478694469628248,,
2026-10-06,توزیع→صف-فروش,رد,1,0.0,0.0,,,-0.025408348457350183,,
2026-10-06,توزیع→صف-فروش,منتظر پایداری,2,0.0,0.0,,,-0.025408348457350183,,
2026-10-06,صف-واچ‌لیست,تأیید خرید,1,0.0,1.0,,,0.029816513761467878,,
2026-10-06,صف-واچ‌لیست,رد,4,0.0,0.5,,,0.004314735455286489,,
2026-10-06,صف-واچ‌لیست,منتظر پایداری,2,0.0,1.0,,,0.02930616263989627,,
2026-10-06,صندوق-اهرمی,رد,4,0.0,1.0,,,0.03594160324100826,,
2026-10-06,صندوق-اهرمی,منتظر پایداری,2,0.0,1.0,,,0.03594160324100826,,
2026-10-07,انباشت→صف-خرید,رد,1,0.0,1.0,,,0.018784382128002042,,
2026-10-07,انباشت→صف-خرید,منتظر پایداری,2,0.0,1.0,,,0.024112191064000976,,
2026-10-07,توزیع→صف-فروش,تأیید فروش (روز بعد),8,0.0,1.0,,,0.01981317779636843,,
2026-10-07,توزیع→صف-فروش,منتظر پایداری,11,0.09090909090909091,0.9090909090909091,,,0.01000208462552198,,
2026-10-07,صف-واچ‌لیست,رد,1,0.0,1.0,,,0.02900763358778624,,
2026-10-07,صف-واچ‌لیست,منتظر پایداری,1,0.0,1.0,,,0.02900763358778624,,
2026-10-07,صندوق-اهرمی,رد,1,0.0,1.0,,,0.038245630927735697,,
2026-10-10,انباشت→صف-خرید,رد,3,0.0,,,,,,
2026-10-10,انباشت→صف-خرید,قابل خرید نیست (صف),1,0.0,,,,,,
2026-10-10,انباشت→صف-خرید,منتظر پایداری,3,0.0,,,,,,
2026-10-10,توزیع→صف-فروش,تأیید فروش (روز بعد),13,0.07692307692307693,,,,,,
2026-10-10,توزیع→صف-فروش,رد,2,0.0,,,,,,
2026-10-10,توزیع→صف-فروش,منتظر پایداری,16,0.0625,,,,,,
2026-10-10,صف-واچ‌لیست,رد,1,0.0,,,,,,
2026-10-10,صف-واچ‌لیست,منتظر پایداری,1,0.0,,,,,,
