,0
فجر,فجر-فولاد امیرکبیرکاشان
فجهان,فجهان-جهان فولاد سیرجان
فخاس,فخاس-فولاد خراسان
فخوز,فخوز-فولاد  خوزستان
فرآور,فرآور-فرآوری‌موادمعدنی‌ایران‌
فرابورس,فرابورس-فرابورس ایران
فروی,فروی-ذوب روی اصفهان
فزرین,فزرین-زرین معدن آسیا
فسازان,فسازان-غلتک سازان سپاهان
فسرب,فسرب-ملی‌ سرب‌وروی‌ ایران‌
فسپا,فسپا-گروه‌صنعتی‌سپاهان‌
فصبا,فصبا-صبا فولاد خلیج فارس
فملی,فملی-ملی‌ صنایع‌ مس‌ ایران‌
فن آوا,فن آوا-گروه فن آوا
فنقره,فنقره-ذوب گران رنگین فلز
فهامون,فهامون-آلیاژ گستر هامون
فولاد,فولاد-فولاد مبارکه اصفهان
فولاژ,فولاژ-فولاد آلیاژی ایران
قاسم,قاسم-قاسم ایران
قچار,قچار-فراوردههای غذایی وقند چهارمحال
قشرین,قشرین-قند شیرین خراسان
قشهد,قشهد-شهد
قصفها,قصفها-قنداصفهان‌
کاذر,کاذر-فرآورده‌های‌نسوزآذر
کالا,کالا-بورس کالای ایران
کاما,کاما-باما
کایزد,کایزد-فرانسوز یزد
کتوکا,کتوکا-تولیدی و خدمات صنایع نسوز توکا
کحافظ,کحافظ-کاشی‌ وسرامیک‌ حافظ‌
کرازی,کرازی-کارخانجات‌تولیدی‌شیشه‌رازی‌
کرمان,کرمان-س. توسعه و عمران استان کرمان
کرومیت,کرومیت-توسعه معادن کرومیت کاوندگان
کزغال,کزغال-زغال سنگ پروده طبس
کسرا,کسرا-کاتالیست‌های ‌صنعتی‌ آریا‌
کماسه,کماسه-تامین‌ ماسه‌ ریخته‌گری‌
کهمدا,کهمدا-شیشه‌ همدان‌
کوثر,کوثر-بیمه کوثر
کچاد,کچاد-معدنی‌وصنعتی‌چادرملو
کگل,کگل-معدنی و صنعتی گل گهر
کگهر,کگهر-معدنی و صنعتی گهرزمین
سرود,سرود-سیمان‌شاهرود
سفارس,سفارس-سیمان فارس و خوزستان
سلیم,سلیم-سرمایه گذاری سلیم
سمگا,سمگا-گروه سرمایه گذاری میراث فرهنگی
سیسکو,سیسکو-فولاد سیرجان ایرانیان
سیمرغ,سیمرغ-سیمرغ
شاراک,شاراک-پتروشیمی شازند
شبندر,شبندر-پالایش نفت بندرعباس
شبهرن,شبهرن-نفت‌ بهران‌
شتران,شتران-پالایش نفت تهران
شدوص,شدوص-دوده‌ صنعتی‌ پارس‌
شستا,شستا-سرمایه گذاری تامین اجتماعی
شسپا,شسپا-نفت سپاهان
شفارس,شفارس-صنایع‌ شیمیایی‌ فارس‌
شلرد,شلرد-کود شیمیایی اوره لردگان
شپاکسا,شپاکسا-پاکسان‌
شپترو,شپترو-پتروشیمی آبادان
شپدیس,شپدیس-پتروشیمی پردیس
شپنا,شپنا-پالایش نفت اصفهان
شکربن,شکربن-کربن‌ ایران‌
شلعاب,شلعاب-لعابیران‌
شمواد,شمواد-تولید مواداولیه الیاف مصنوعی
صبا,صبا-گروه مالی صبا تامین
عالیس,عالیس-بهار رز عالیس چناران
غدشت,غدشت-دشت‌ مرغاب‌
غزر,غزر-صنعتی زر ماکارون
غشهداب,غشهداب-کشت و صنعت شهداب ناب خراسان
غصینو,غصینو-صنعتی مینو
غمارگ,غمارگ-مارگارین
غناب,غناب-روغن‌ نباتی‌ ناب
غپاک,غپاک-لبنیات‌ پاک‌
غپینو,غپینو-پارس‌ مینو
غچین,غچین-کشت‌ و صنعت‌ چین‌ چین
غکورش,غکورش-صنعت غذایی کورش
فاذر,فاذر-صنایع‌ آذرآب‌
فاراک,فاراک-ماشین‌ سازی‌ اراک‌
فارس,فارس-صنایع پتروشیمی خلیج فارس
فالوم,فالوم-آلومتک
فایرا,فایرا-آلومینیوم‌ایران‌
فباهنر,فباهنر-مس‌ شهیدباهنر
وسدید,وسدید-گروه ‌صنعتی‌سدید
وسرمد,وسرمد-بیمه  سرمد
وسینا,وسینا-بانک سینا
وغدیر,وغدیر-سرمایه‌گذاری‌غدیر(هلدینگ‌
ولبهمن,ولبهمن-شرکت بهمن لیزینگ
ولساپا,ولساپا-لیزینگ رایان‌ سایپا
ومعادن,ومعادن-توسعه‌معادن‌وفلزات‌
ومهان,ومهان-گروه توسعه مالی مهرآیندگان
ونوین,ونوین-بانک‌اقتصادنوین‌
ونیرو,ونیرو-سرمایه‌گذاری‌نیرو
ونیکی,ونیکی-سرمایه‌گذاری‌ ملی‌ایران‌
وهور,وهور-گروه س.انرژی امید  تابان هور
وکادو,وکادو-تکادو
وکار,وکار-بانک‌ کارآفرین‌
وکغدیر,وکغدیر-بین المللی توسعه ص. معادن غدیر
وگردش,وگردش-بانک گردشگری
آواک,آواک-صنایع ارتباطی آوا
الکتروماد,الکتروماد-صنایع الکترونیک مادیران
انتخاب,انتخاب-گروه انتخاب الکترونیک آرمان
بترانس,بترانس-ایران‌ ترانسفو
بتهران,بتهران-بیمه اتکایی تهران رواک
بجهرم,بجهرم-توسعه مولد نیروگاهی جهرم
برکت,برکت-گروه دارویی برکت
بفجر,بفجر-فجر انرژی خلیج فارس
بنو,بنو-بیمه تجارت نو
بورس,بورس-بورس اوراق بهادار تهران
بکام,بکام-کارخانجات تولیدی شهید قندی
پارس,پارس-پتروشیمی پارس
پاسا,پاسا-ایران‌یاساتایرورابر
پتایر,پتایر-ایران‌ تایر
پترول,پترول-گ.س.وت.ص.پتروشیمی خلیج فارس
پخش,پخش-پخش البرز
پلاست,پلاست-کارخانجات تولیدی پلاستیران
پکویر,پکویر-کویر تایر
پی پاد,پی پاد-پرداخت الکترونیک پاسارگاد
پیزد,پیزد-مجتمع صنایع لاستیک یزد
آریا,آریا-پلیمر آریا ساسول
آسیا,آسیا-بیمه آسیا
احیا,احیا-احیا استیل فولاد بافت
اخابر,اخابر-مخابرات ایران
ارفع,ارفع-شرکت آهن و فولاد ارفع
اسیاتک,اسیاتک-انتقال داده های آسیاتک
تابان,تابان-گروه پتروشیمی تابان فردا
تاپیکو,تاپیکو-س. نفت و گاز و پتروشیمی تامین
تجلی,تجلی-تجلی توسعه معادن و فلزات
توسن,توسن-توسعه سامانه ی نرم افزاری نگین
تپکو,تپکو-تولیدتجهیزات‌سنگین‌هپکو
تکنو,تکنو-تکنوتار
ثاخت,ثاخت-بین‌المللی‌توسعه‌ساختمان
ثامید,ثامید-توسعه و عمران امید
ثبهساز,ثبهساز-بهساز کاشانه تهران
ثشرق,ثشرق-سرمایه گذاری مسکن شمال شرق
ثفارس,ثفارس-عمران‌وتوسعه‌فارس‌
ثمسکن,ثمسکن-سرمایه‌گذاری‌ مسکن‌
ثپهران,ثپهران-توسعه ساختمان سپهر تهران
چدن,چدن-تولیدی چدن سازان
لبن,لبن-صنایع دامپروری و لبنی رضوی
لوتوس,لوتوس-تامین سرمایه لوتوس پارسیان
لکما,لکما-کارخانجات‌مخابراتی‌ایران‌
مادیرا,مادیرا-صنایع مادیران
مبین,مبین-مبین انرژی خلیج فارس
منجیل,منجیل-تولید نیروی برق سبز منجیل
مهر,مهر-سرمایه گذاری مهر
مهرمام,مهرمام-مهرمام میهن
مهرگان,مهرگان-گروه مالی مهرگان تامین پارس
میدکو,میدکو-توسعه معادن وص.معدنی خاورمیانه
میهن,میهن-بیمه میهن
نان,نان-صنایع غذایی رضوی
نطرین,نطرین-عطرین نخ قم
نماد,نماد-گروه مالی نماد غدیر
نوری,نوری-پتروشیمی نوری
های وب,های وب-داده گسترعصرنوین-های وب
هرمز,هرمز-فولاد هرمزگان جنوب
واحیا,واحیا-م .صنایع و معادن احیاء سپاهان
کویر,کویر-تولیدی فولاد سپید فراب کویر
کیسون,کیسون-شرکت کیسون
والبر,والبر-سرمایه‌ گذاری‌ البرز(هلدینگ‌
والماس,والماس-س. الماس حکمت ایرانیان
وبانک,وبانک-سرمایه گذاری گروه توسعه ملی
وبصادر,وبصادر-بانک صادرات ایران
وبملت,وبملت-بانک ملت
وبهمن,وبهمن-سرمایه‌گذاری‌بهمن‌
وبوعلی,وبوعلی-سرمایه‌گذاری‌بوعلی‌
وتجارت,وتجارت-بانک تجارت
وتوکا,وتوکا-سرمایه‌گذاری‌توکافولاد(هلدینگ
وحکمت,وحکمت-بیمه حکمت صبا
وخارزم,وخارزم-سرمایه گذاری خوارزمی
وخاور,وخاور-بانک خاورمیانه
ورازی,ورازی-بیمه رازی
ورنا,ورنا-سرمایه‌گذاری‌ رنا(هلدینگ‌
وساخت,وساخت-سرمایه‌ گذاری‌ ساختمان‌ایران‌
وساپا,وساپا-سرمایه‌گذاری‌ سایپا
وسپه,وسپه-سرمایه‌گذاری‌ سپه‌
وپارس,وپارس-بانک‌پارسیان‌
وپاسار,وپاسار-بانک  پاسارگاد
وپست,وپست-پست بانک ایران
حآفرین,حآفرین-ریل پرداز نو آفرین
حسیر,حسیر-ریل سیر کوثر
حشکوه,حشکوه-دلیجان طلایی شکوه پارس
حفاری,حفاری-حفاری شمال
خاذین,خاذین-سایپاآذین‌
خاور,خاور-ایران خودرو دیزل
خبرنا,خبرنا-تولیدی برنا باطری
خبنیان,خبنیان-بنیان دیزل
خبهمن,خبهمن-گروه‌بهمن‌
ختراک,ختراک-ریخته‌گری‌ تراکتورسازی‌ ایران‌
خدیزل,خدیزل-بهمن  دیزل
خریخت,خریخت-صنایع‌ریخته‌گری‌ایران‌
خزامیا,خزامیا-زامیاد
خزر,خزر-فنرسازی‌زر
خساپا,خساپا-سایپا
خفنر,خفنر-فنرسازی‌خاور
خپارس,خپارس-پارس خودرو
خکار,خکار-ایرکا پارت صنعت
خکاوه,خکاوه-سایپا دیزل
چکاپا,چکاپا-گروه صنایع کاغذ پارس
خلنت,خلنت-لنت‌ ترمزایران‌
خمهر,خمهر-مهرکام‌پارس‌
خموتور,خموتور-موتورسازان‌تراکتورسازی‌ایران‌
خودرو,خودرو-ایران‌ خودرو
خکمک,خکمک-کمک‌فنرایندامین‌
خگستر,خگستر-گسترش‌سرمایه‌گذاری‌ایران‌خودرو
خگلپا,خگلپا-فنرسازی زر گلپایگان
خیمن,خیمن-ایمن خودرو شرق
داروند,داروند-زیست اروند فارمد
درازک,درازک-دارویی‌ رازک‌
دسانکو,دسانکو-داروسازی سبحان انکولوژی
دلقما,دلقما-دارویی‌ لقمان‌
ذرت,ذرت-زرین ذرت شاهرود
ذوب,ذوب-ذوب آهن اصفهان
رتاپ,رتاپ-تجارت الکترونیک  پارسیان
زفکا,زفکا-کشت و دامداری فکا
زملارد,زملارد-کشاورزی و دامپروری ملارد شیر
ساینا,ساینا-صنایع بهداشتی ساینا
سخزر,سخزر-سیمان‌ خزر
سرچشمه,سرچشمه-سرمایه گذاری مس سرچشمه
پارسان,پارسان-گسترش نفت و گاز پارسیان
پارسیان,پارسیان-بیمه پارسیان
پاریز,پاریز-پاریز شرق
پاکشو,پاکشو-گروه صنعتی پاکشو
پتوسعه,پتوسعه-س. و توسعه صنایع لاستیک
پدرخش,پدرخش-درخشان‌ تهران‌
پرداخت,پرداخت-به پرداخت ملت
پردیس,پردیس-سرمایه گذاری پردیس
پرسپولیس,پرسپولیس-پرسپولیس
پسهند,پسهند-صنایع‌ لاستیکی‌  سهند
پشاهن,پشاهن-تولیدی پلاستیک‌ شاهین
پلاسک,پلاسک-پلاسکوکار
پکرمان,پکرمان-گروه‌ صنعتی‌ بارز
داترا,داترا-آترا زیست آرای
داراب,داراب-پتروشیمی داراب
دارو,دارو-کارخانجات‌داروپخش‌
داسوه,داسوه-داروسازی‌ اسوه‌
دالبر,دالبر-البرزدارو
دامین,دامین-داروسازی‌ امین‌
دانا,دانا-بیمه دانا
داوه,داوه-داروسازی آوه سینا
دبالک,دبالک-مواد اولیه دارویی البرز بالک
دتماد,دتماد-تولیدمواداولیه‌داروپخش‌
دتوزیع,دتوزیع-توزیع دارو پخش
دتولید,دتولید-داروسازی تولید دارو
دجابر,دجابر-داروسازی‌ جابرابن‌حیان‌
دحاوی,دحاوی-الحاوی
ددام,ددام-داروسازی زاگرس فارمد پارس
ددانا,ددانا-داروسازی دانا
درازی,درازی-پخش رازی
دپارس,دپارس-پارس‌ دارو
دماوند,دماوند-تولید نیروی برق دماوند
دهدشت,دهدشت-صنایع پتروشیمی دهدشت
دی,دی-بانک دی
دیران,دیران-ایران‌دارو
رافزا,رافزا-رایان هم افزا
رانفور,رانفور-خدمات‌انفورماتیک‌
رانیز,رانیز-کارخانجات رینگ اسپرت نورنی ریز
رایا,رایا-بیمه اتکایی رایا
رتکو,رتکو-کنترل ‌خوردگی ‌تکین ‌کوی
رفاه,رفاه-فروشگاه های زنجیره ای رفاه
رمپنا,رمپنا-گروه مپنا (سهامی عام)
رنیک,رنیک-جنرال مکانیک
رهیاب,رهیاب-رهیاب پیام گستران
رپویا,رپویا-پویا
رکیش,رکیش-کارت اعتباری ایران کیش
ریشمک,ریشمک-تولید و صادرات ریشمک
زاگرس,زاگرس-پتروشیمی زاگرس
بالاس,بالاس-مهندسی ساختمان تاسیسات راه آهن
بالبر,بالبر-کابل‌ البرز
بانک,کارمزد
بانیان,بانیان-نیان باتری خاوران
بایکا,بایکا-کارخانجات کابلسازی ‌ایران‌
بتک,بتک-کارخانجات کابل سازی‌ تک‌
بتیس,بتیس-بیمه زندگی ایساتیس
بخاور,بخاور-بیمه زندگی خاورمیانه
بزاگرس,بزاگرس-نیروگاه زاگرس کوثر
بزندگی,بزندگی-بیمه زندگی آگاه
بساما,بساما-بیمه سامان
بسویچ,بسویچ-پارس‌سویچ‌
بپاس,بپاس-بیمه پاسارگاد
بپردیس,بپردیس-بیمه پردیس
بپویا,بپویا-دانش محور پویا نیرو
بپیوند,بپیوند-برق و انرژی پیوندگستر پارس
ساراب,ساراب-سیمان‌ داراب‌
ساربیل,ساربیل-سیمان آرتا اردبیل
ساروج,ساروج-بین المللی ساروج بوشهر
ساروم,ساروم-سیمان‌ارومیه‌
سامان,سامان-بانک سامان
ساوه,ساوه-سیمان ساوه
سباقر,سباقر-سیمان باقران
سبجنو,سبجنو-سیمان‌ بجنورد
سبزوا,سبزوا-سیمان لار سبزوار
سبهان,سبهان-سیمان‌ بهبهان‌
ستران,ستران-سیمان‌ تهران‌
سجام,سجام-مجتمع سیمان غرب آسیا
سخاش,سخاش-سیمان‌خاش‌
سخواف,سخواف-سیمان مجد خواف
سپ,سپ-پرداخت الکترونیک سامان کیش
سپاها,سپاها-سیمان‌سپاهان‌
سپید,سپید-سپید ماکیان
سپیدار,سپیدار-سپیدار سیستم آسیا
تلیسه,تلیسه-دامداری تلیسه نمونه
تماوند,تماوند-تامین سرمایه دماوند
تمحرکه,تمحرکه-ماشین سازی نیرو محرکه
تملت,تملت-تامین سرمایه بانک ملت
تنوین,تنوین-تامین سرمایه نوین
توریل,توریل-توکاریل
تکاردان,تکاردان-تامین سرمایه کاردان
تکشا,تکشا-گسترش‌صنایع‌وخدمات‌کشاورزی‌
تکمبا,تکمبا-کمباین‌ سازی‌ ایران‌
تکنار,تکنار-مجتمع معادن مس تکنار
تکیمیا,تکیمیا-تامین سرمایه کیمیا
تیپیکو,تیپیکو-سرمایه گذاری دارویی تامین
ثاصفا,ثاصفا-شرکت‌ ساختمان‌ اصفهان‌
ثالوند,ثالوند-سرمایه گذاری مسکن الوند
ثامان,ثامان-سامان‌ گستراصفهان‌
ثباغ,ثباغ-شهر سازی و خانه سازی باغمیشه
فاسمین,فاسمین-کالسیمین‌
فافزا,فافزا-فولاد افزا سپاهان
فافق,فافق-صنایع مس افق کرمان
فاما,فاما-صنعتی‌ آما
فاهواز,فاهواز-نورد و لوله اهواز
فبستم,فبستم-صنایع ‌بسته‌بندی‌ مشهد
فبیرا,فبیرا-بسته‌ بندی‌ ایران‌
فتوسا,فتوسا-تولید و توسعه سرب روی ایرانیان
فجام,فجام-جام‌دارو
فجوش,فجوش-جوش‌ و اکسیژن‌ ایران‌
فپنتا,فپنتا-سپنتا
ناما,ناما-تولیدی مخازن گازطبیعی آسیاناما
نبابک,نبابک-نساجی بابکان
نبروج,نبروج-نساجی بروجرد
نتوس,نتوس-پشم‌ بافی‌ توس
نخریس,نخریس-نخریسی و نساجی خسروی خراسان
نشار,نشار-کارخانجات پشمبافی افشار یزد
نمرینو,نمرینو-ایران‌ مرینوس‌
نوین,نوین-بیمه نوین
نیان,نیان-نیان الکترونیک
نیرو,نیرو-نیرو سرمایه
نیروترانسفو,نیروترانسفو-کارخانجات تولیدی نیروترانسفو
درهآور,درهآور-دارویی ره آورد تامین
دروز,دروز-داروسازی‌ روزدارو
درپاد,درپاد-گروه صنعتی درپاد تبریز
دزاگرس,دزاگرس-دارویی و نهاده های زاگرس دارو
دزهراوی,دزهراوی-داروسازی‌زهراوی‌
دسبحا,دسبحا-گروه دارویی سبحان
دسبحان,دسبحان-سبحان دارو
دسینا,دسینا-داروسازی‌ سینا
دشیری,دشیری-شیرین دارو
دشیمی,دشیمی-شیمی‌ داروئی‌ داروپخش‌
دعبید,دعبید-لابراتوارداروسازی‌  دکترعبیدی‌
دفارا,دفارا-داروسازی‌ فارابی‌
دفرا,دفرا-فرآورده‌های‌ تزریقی‌ ایران‌
دقاضی,دقاضی-داروسازی شهید قاضی
دلر,دلر-داروسازی‌ اکسیر
دکوثر,دکوثر-داروسازی‌ کوثر
دکپسول,دکپسول-تولید ژلاتین کپسول ایران
دکیمی,دکیمی-کیمیدارو
وفردا,وفردا-بیمه هوشمند فردا
وفیروزه,وفیروزه-گروه توسعه مالی فیروزه
ولاعتماد,ولاعتماد-واسپاری عصراعتماد
ولانا,ولانا-شرکت لیزینگ آریا دانا
ولتجار,ولتجار-واسپاری تجارایرانیان
ولراز,ولراز-لیزینگ رازی
ولشرق,ولشرق-لیزینگ ایران و شرق
ولصنم,ولصنم-لیزینگ‌صنعت‌ومعدن‌
ولغدر,ولغدر-لیزینگ‌خودروغدیر
ولقمان,ولقمان-گروه سرمایه گذاری لقمان
ولپارس,ولپارس-لیزینگ پارسیان
ولکار,ولکار-لیزینگ کارآفرین
وکبهمن,وکبهمن-مدیریت سرمایه گذاری کوثربهمن
وگستر,وگستر-گسترش سرمایه گذاری ایرانیان
نیشکر,نیشکر-توسعه نیشکر و  صنایع جانبی
هانیکو,هانیکو-هامون نایزه
هجرت,هجرت-پخش هجرت
همراه,همراه-شرکت ارتباطات سیار ایران
وآتوس,وآتوس-گروه سرمایه گذاری توسکا
وآداک,وآداک-صنعت و تجارت آداک
وآذر,وآذر-سرمایه‌گذاری‌توسعه‌آذربایجان‌
وآرین,وآرین-گروه توسعه اقتصادی آرین
وآفر,وآفر-سرمایه گذاری ارزش آفرینان
وآفری,وآفری-بیمه کارآفرین
واتی,واتی-سرمایه‌ گذاری‌ آتیه‌ دماوند
واحصا,واحصا-احیاء صنایع خراسان
وارس,وارس-سرمایه گذاری ارس صبا
واعتبار,واعتبار-سرمایه گذاری اعتبار ایران
وامید,وامید-گروه مدیریت سرمایه گذاری امید
آلومینا,آلومینا-آلومینای ایران
آواپارس,آواپارس-بیمه اتکایی آوای پارس
آکو,آکو-آکو باتری ایرانیان
آینده,آینده-بازرگانی آینده سازان بهشت پارس
استقلال,استقلال-استقلال
اعتلا,اعتلا-شرکت سرمایه گذاری اعتلاء البرز
افرا,افرا-افرانت
افق,افق-فروشگاههای زنجیره ای افق کوروش
البرز,البرز-بیمه البرز
امید,امید-تامین سرمایه امید
امین,امین-تامین سرمایه امین
انرژی,انرژی-بورس انرژی ایران
اوان,اوان-مبین وان کیش
باران,باران-بیمه زندگی باران
بازرگام,بازرگام-پست پیشگامان
وشمال,وشمال-س. چشم انداز توسعه شمال
وشهر,وشهر-بانک شهر
وصنا,وصنا-گروه‌صنایع‌بهشهرایران‌
وصندوق,وصندوق-سرمایه‌گذاری‌صندوق‌بازنشستگی‌
وصنعت,وصنعت-سرمایه گذاری توسعه صنعت وتجارت
وطوبی,وطوبی-سرمایه گذاری اقتصاد شهر طوبی
وفتخار,وفتخار-سرمایه گذاری افتخار سهام
ولملت,ولملت-واسپاری ملت
ولنوین,ولنوین-لیزینگ اقتصاد نوین
ولیز,ولیز-لیزینگ ایران
ومدیر,ومدیر-گ.مدیریت ارزش سرمایه ص ب کشوری
ومشان,ومشان-سرمایه گذاری مشانیر
ومعلم,ومعلم-بیمه معلم
وملت,وملت-سرمایه گذاری ملت
وملل,وملل-اعتباری ملل
وملی,وملی-گروه‌ صنعتی‌ ملی‌ (هلدینگ‌
ومپنا,ومپنا-مدیریت نیروگاهی ایرانیان مپنا
ونفت,ونفت-سرمایه‌گذاری‌ صنعت‌ نفت‌
وهامون,وهامون-سرمایه گذاری هامون صبا
وهنر,وهنر-گروه توسعه هنر ایران
ویسا,ویسا-سرمایه گذاری ایساتیس پویا
تابا,تابا-تابان نیرو سپاهان
تاتمس,تاتمس-کارخانجات صنعتی وتولیدی اتمسفر
تادیکو,تادیکو-س.کشت ودام صنایع لبنی تامین
تاصیکو,تاصیکو-سرمایه گذاری صدرتامین
تاپکیش,تاپکیش-تجارت الکترونیک پارسیان کیش
تایرا,تایرا-تراکتورسازی‌ایران‌
تبرک,تبرک-گروه کارخانجات صنعتی تبرک
تشتاد,تشتاد-صنایع تولیدی اشتاد ایران‌
تفارس,تفارس-تامین سرمایه خلیج فارس
تفیرو,تفیرو-مهندسی فیروزا
تپسی,تپسی-پیشگامان فن آوری و دانش آرامیس
تپمپی,تپمپی-پمپ‌ سازی‌ ایران‌
تپولا,تپولا-مهندسی مرآت پولاد
پلوله,پلوله-گازلوله‌
غشوکو,غشوکو-شوکو پارس
غفارس,غفارس-شیر پاستوریزه پگاه فارس
غمایه,غمایه-شرکت خمیرمایه رضوی
غمهرا,غمهرا-تولیدی‌مهرام‌
غمینو,غمینو-شرکت صنایع غذایی مینو شرق
غنوش,غنوش-نوش‌ مازندران‌
غنیلی,غنیلی-مجتمع تولیدی نیلی صنعت کرمان
غویتا,غویتا-ویتانا
غگرجی,غگرجی-بیسکویت‌  گرجی‌
غگز,غگز-صنایع غذایی سکه
غگل,غگل-گلوکوزان‌
غگلستا,غگلستا-شیر پاستوریزه پگاه گلستان
غگلپا,غگلپا-شیر پاستوریزه پگاه گلپایگان
غگیلا,غگیلا-شیرپاستوریزه پگاه گیلان
شاروم,شاروم-پتروشیمی ارومیه
شاملا,شاملا-معدنی‌ املاح‌  ایران‌
شاوان,شاوان-پالایش نفت لاوان
شبریز,شبریز-پالایش نفت تبریز
شبصیر,شبصیر-تولیدات پتروشیمی قائد بصیر
شتهران,شتهران-داروسازی تهران شیمی
شتوکا,شتوکا-توکا رنگ فولاد سپاهان
شجم,شجم-صنایع پتروشیمی تخت جمشید
شخارک,شخارک-پتروشیمی‌ خارک‌
شپارس,شپارس-بین‌ المللی‌ محصولات‌  پارس‌
شپاس,شپاس-نفت پاسارگاد
شپلی,شپلی-پلی اکریل ایران
کخاک,کخاک-صنایع‌خاک‌چینی‌ایران‌
کدما,کدما-معدنی‌ دماوند
کربن,کربن-کانی کربن طبس
کرماشا,کرماشا-صنایع پتروشیمی کرمانشاه
کساوه,کساوه-صنایع‌ کاشی‌ و سرامیک‌ سینا
کساپا,کساپا-سایپاشیشه‌
کسرام,کسرام-پارس‌ سرام‌
کسعدی,کسعدی-کاشی‌ سعدی‌
کشرق,کشرق-صنعتی و معدنی شمال شرق شاهرود
کصدف,کصدف-کاشی صدف سرام استقلال آباده
کطبس,کطبس-ذغال‌سنگ‌ نگین‌ ط‌بس‌
کفرا,کفرا-فراورده‌ های‌ نسوزایران‌
کفپارس,کفپارس-فرآورده‌های‌ نسوز پارس‌
حتاید,حتاید-تایدواترخاورمیانه
حتوکا,حتوکا-حمل‌ونقل‌توکا
حخزر,حخزر-کشتیرانی دریای خزر
حذف -آرین,حذف -آرین-بانک الکترونیکی آرین
حرهشا,حرهشا-رهشاد سپاهان (سهامی عام
حریل,حریل-ریل پردازسیر
حسینا,حسینا-توسعه خدمات دریایی وبندری سینا
حفارس,حفارس-حمل و نقل بین المللی خلیج فارس
حکشتی,حکشتی-کشتیرانی جمهوری اسلامی ایران
حگردش,حگردش-ریل گردش ایرانیان
حگهر,حگهر-حمل و نقل گهرترابر سیرجان
حیات,حیات-بیمه زندگی مفید
خبازرس,خبازرس-بازرسی مهندسی و صنعتی ایران
فرود,فرود-فولاد شاهرود
فروس,فروس-فروسیلیس‌ ایران‌
فروسیل,فروسیل-فروسیلیسیم خمین
فروژ,فروژ-صنایع فروآلیاژ ایران
فزر,فزر-پویا زرکان آق دره
فسا,فسا-پتروشیمی فسا
فسبزوار,فسبزوار-پارس فولاد سبزوار
فسدید,فسدید-لوله‌وتجهیزات‌ سدید
فسوژ,فسوژ-سوژمیران
فطلوع,فطلوع-طلوع فولاد پارس
فغدیر,فغدیر-آهن و فولاد غدیر ایرانیان
فکمند,فکمند-گسترش قطعه سازی کمند
ختور,ختور-رادیاتور ایران‌
ختوقا,ختوقا-قطعات‌ اتومبیل‌ ایران‌
خراسان,خراسان-پتروشیمی خراسان
خرینگ,خرینگ-رینگ‌سازی‌مشهد
خشرق,خشرق-الکتریک‌ خودرو شرق‌
خصدرا,خصدرا-صنعتی‌ دریایی‌ ایران‌
خعمرا,خعمرا-توسعه و عمران شهرستان نائین
خفناور,خفناور-مهندسی صنعتی روان فن آور
خفولا,خفولا-خدمات فنی فولاد یزد
خپویش,خپویش-سازه‌ پویش‌
خچرخش,خچرخش-چرخشگر
لخانه,لخانه-لوازم‌ خانگی‌ پارس‌
لخزر,لخزر-پارس‌ خزر
لسرما,لسرما-سرما آفرین‌
لطیف,لطیف-محصولات کاغذی لطیف
ما,ما-بیمه  ما
مارون,مارون-پتروشیمی مارون
محتشم,محتشم-نساجی هدیه البرز مشهد
مداران,مداران-داده‌پردازی‌ایران‌
مدیریت,مدیریت-س. و خدمات مدیریت صند. ب کشوری
مرقام,مرقام-ایران ارقام
معیار,معیار-سرمایه گذاری معیار صنعت پارس
معین,معین-بیمه ایران - معین
مفاخر,مفاخر-توسعه فناوری اطلاعات خوارزمی
ملت,ملت-بیمه ملت
ممسنی,ممسنی-پتروشیمی ممسنی
ثتران,ثتران-سرمایه گذاری مسکن تهران
ثتوسا,ثتوسا-س.توسعه و عمران استان اردبیل
ثجنوب,ثجنوب-سرمایه گذاری مسکن جنوب
ثجوان,ثجوان-تامین مسکن جوانان
ثرود,ثرود-سرمایه‌گذاری مسکن زاینده رود
ثزاگرس,ثزاگرس-سرمایه گذاری توسعه عمران زاگرس
ثشاهد,ثشاهد-سرمایه‌ گذاری‌ شاهد
ثعتما,ثعتما-س. ساختمانی اعتماد گستر
ثعمرا,ثعمرا-عمران و توسعه شاهد
ثغرب,ثغرب-شرکت سرمایه گذاری مسکن شمالغرب
ثقزوی,ثقزوی-شرکت عمران و سازندگی قزوین
ثنام,ثنام-س ساختمانی ب نام آوران مهندسی
ثنظام,ثنظام-س. ساختمانی نظام مهندسی ایران
ثنور,ثنور-سرمایه گذاری کوه نور
ثپردیس,ثپردیس-سرمایه گذاری مسکن پردیس
خلیبل,خلیبل-مالیبل سایپا
خمحرکه,خمحرکه-نیرو محرکه‌
خمحور,خمحور-تولیدمحورخودرو
خنصیر,خنصیر-مهندسی‌نصیرماشین‌
خنور,خنور-نورایستا پلاستیک
خودکفا,خودکفا-اقتصادی و خودکفایی آزادگان
خوساز,خوساز-محورسازان‌ایران‌خودرو
خکرمان,خکرمان-سرمایه گذاری آرمان گستر پاریز
دابور,دابور-داروسازی‌ ابوریحان‌
داتام,داتام-گروه مالی داتام
زبینا,زبینا-کشاورزی و دامپروری بینالود
زدشت,زدشت-کشت و صنعت دشت خرم دره
زشریف,زشریف-کشت وصنعت شریف آباد
زشگزا,زشگزا-شیر و گوشت زاگرس شهرکرد
زفارس,زفارس-کشت وصنعت و دامپروری پگاه فارس
زفجر,زفجر-کشاورزی و دامپروری فجر اصفهان
زقیام,زقیام-کشت و دام قیام اصفهان
زماهان,زماهان-مجتمع تولید گوشت مرغ ماهان
زمگسا,زمگسا-کشاورزی‌ ودامپروی‌ مگسال‌
زنجان,زنجان-صنایع کشاورزی وکود زنجان
زنگان,زنگان-صنعت روی زنگان
زهلال,زهلال-کشت و صنعت هلال
زپارس,زپارس-ملی کشت و صنعت و دامپروری پارس
زکشت,زکشت-کشاورزی مکانیزه اصفهان کشت
زکوثر,زکوثر-سرمایه گذاری کشاورزی کوثر
زگلدشت,زگلدشت-کشت و دام گلدشت نمونه اصفهان
سآبیک,سآبیک-سیمان آبیک
ساذری,ساذری-آذریت‌
وتعاون,وتعاون-بیمه تعاون
وتوس,وتوس-توسعه‌شهری‌توس‌گستر
وتوسم,وتوسم-سرمایه‌گذاری‌توسعه‌ملی‌
وتوسکا,وتوسکا-سرمایه گذاری توسعه توکا
وتوشه,وتوشه-سرمایه‌ گذاری‌ پارس‌ توشه‌
وتوصا,وتوصا-گروه س توسعه صنعتی ایران
وثخوز,وثخوز-سرمایه گذاری و توسعه خوزستان
وثنو,وثنو-سرمایه گذاری ساختمانی نوین
وثوق,وثوق-سرمایه گذاری وثوق امین
وجامی,وجامی-سرمایه گذاری جامی
وحافظ,وحافظ-بیمه حافظ
ودانا,ودانا-سرمایه گذاری دانایان
ودی,ودی-بیمه  دی
وپویا,وپویا-سرمایه گذاری پویا
ثنوسا,ثنوسا-نوسازی‌وساختمان‌تهران‌
جم پیلن,جم پیلن-پتروشیمی جم پیلن
جم,جم-پتروشیمی جم
جهرم,جهرم-پتروشیمی جهرم
جوین,جوین-کشت و صنعت جوین
حآسا,حآسا-آسیا سیر ارس
حبندر,حبندر-دریایی و کشتیرانی خط دریابندر
حپارسا,حپارسا-توسعه حمل و نقل ریلی پارسیان
حپترو,حپترو-حمل و نقل پتروشیمی( سهامی عام
حپرتو,حپرتو-پرتو بار فرابر خلیج فارس
چافست,چافست-افست‌
چاپ,چاپ-ص.چاپ وبسته بندی آسان قزوین
چخزر,چخزر-صنایع چوب خزر کاسپین
چفیبر,چفیبر-تولید فیبر ایران‌
چنوپا,چنوپا-نیوپان‌ 22 بهمن‌
چکارن,چکارن-کارتن‌ ایران‌
چکاوه,چکاوه-صنایع‌کاغذسازی‌کاوه‌
کارام,کارام-صنایع سرام آرا
کاریز,کاریز-بیمه زندگی کاریزما
کازرو,کازرو-پتروشیمی کازرون
کاسپین,کاسپین-داروسازی کاسپین تامین
کانسار,کانسار-معدنکاران نسوز
کاوه,کاوه-فولاد کاوه جنوب کیش
کایتا,کایتا-ایتالران‌
کباده,کباده-تولید خاک نسوزاستقلال آباده
کبافق,کبافق-معادن‌ بافق‌
کترام,کترام-تولیدی‌ کاشی‌ تکسرام‌
کتوسعه,کتوسعه-توسعه صنایع و معادن کوثر
کپارس,کپارس-کاشی‌ پارس‌
کپرسپولیس,کپرسپولیس-مجتمع کاشی و سنگ پرسپولیس یزد
کپرور,کپرور-فرآوری زغال سنگ پروده طبس
کپشیر,کپشیر-پشم‌شیشه‌ایران‌
لابسا,لابسا-آبسال‌
لازما,لازما-کارخانه های صنعتی آزمایش
لبوتان,لبوتان-گروه‌صنعتی‌بوتان‌
لپارس,لپارس-پارس‌ الکتریک‌
لپیام,لپیام-گسترش صنایع پیام
کیا,کیا-کیا الکترود شرق
کیانا,کیانا-گروه مالی کیان
کیمازی,کیمازی-کیمیا کالای رازی
کیمیا,کیمیا-ص. معدنی کیمیای زنجان گستران
کیمیاتک,کیمیاتک-آریان کیمیا تک
گدنا,گدنا-تهیه توزیع غذای دنا آفرین فدک
گشان,گشان-توسعه بین المللی پدیده شاندیز
گلدیرا,گلدیرا-صنایع گلدیران
گنگین,گنگین-گروه اقتصادی مالی نگین
گوهران,گوهران-سرمایه گذاری توسعه گوهران امید
گپارس,گپارس-امور رفاهی کارگزاران پارس
گکوثر,گکوثر-هتل پارسیان کوثر اصفهان
گکیش,گکیش-توریستی ورفاهی آبادگران کیش
بشهاب,بشهاب-لامپ‌  پارس‌ شهاب‌
بموتو,بموتو-موتوژن‌
بمولد,بمولد-مولد نیروگاهی تجارت فارس
بمپنا,بمپنا-تولید برق عسلویه  مپنا
بمیلا,بمیلا-توسعه سرمایه گذاری میلاد پارس
بنیرو,بنیرو-نیروترانس‌
بهامرز,بهامرز-بیمه زندگی هامرز
بهپاک,بهپاک-صنعتی بهپاک
بهیر,بهیر-س. توسعه تجارت هیرمند
بوعلی,بوعلی-پتروشیمی بوعلی سینا
بکاب,بکاب-صنایع‌جوشکاب‌یزد
بکابل,بکابل-سیم و کابل ابهر
بکهنوج,بکهنوج-تولید برق ماهتاب کهنوج
بگیلان,بگیلان-توسعه مسیر برق گیلان
بیوتیک,بیوتیک-آنتی بیوتیک سازی ایران
پارتا,پارتا-مجتمع صنعتی آرتاویل تایر
فلات,فلات-گروه صنایع معادن فلات ایرانیان
فلامی,فلامی-لامیران‌
فلوله,فلوله-لوله‌وماشین‌سازی‌ایران‌
فماک,فماک-ماداکتو استیل کرد
فمراد,فمراد-آلومراد
فن افزار,فن افزار-توسعه فن افزار توسن
فنر,فنر-پارس فنر
فنفت,فنفت-صنایع تجهیزات نفت
فنوال,فنوال-نورد آلومینیوم‌
فنورد,فنورد-نوردوقطعات‌ فولادی‌
فولای,فولای-صنایع فولاد آلیاژی یزد
فوکا,فوکا-فولاد کاویان
فگستر,فگستر-گسترش صنایع روی ایرانیان
قاروم,قاروم-قند ارومیه
آ س پ,آ س پ-آ.س.پ
آباد,آباد-توریستی ورفاهی آبادگران ایران
آبادا,آبادا-تولید نیروی برق آبادان
آبین,آبین-کشت و صنعت آبشیرین
آردینه,آردینه-نشاسته و گلوکز آردینه
آرمان,آرمان-بیمه آرمان
آریان,آریان-سرمایه گذاری پارس آریان
آپ,آپ-آسان پرداخت پرشین
اتکاسا,اتکاسا-بیمه اتکایی سامان
اتکام,اتکام-بیمه اتکایی امین
اتکای,اتکای-بیمه اتکایی ایرانیان
اخشان,اخشان-اخشان خراسان
اردستان,اردستان-سیمان اردستان
اروند,اروند-پتروشیمی اروند
اپال,اپال-فرآوری معدنی اپال کانی پارس
اپرداز,اپرداز-آتیه داده پرداز
غانیزان,غانیزان-فرآورده های دامی ولبنی دالاهو
غبشهر,غبشهر-صنعتی‌ بهشهر
غبهار,غبهار-کشت وصنعت بهاران گلبهار خراسان
غبهنوش,غبهنوش-بهنوش‌ ایران‌
غدام,غدام-خوراک‌  دام‌ پارس‌
غدانه,غدانه-پنبه و دانه های روغنی خراسان
غدیس,غدیس-پاکدیس
غزنجان,غزنجان-شیر پاستوریزه پگاه زنجان
غسالم,غسالم-سالمین‌
غشاذر,غشاذر-پگاه‌آذربایجان‌غربی‌
غشان,غشان-شیرپاستوریزه‌پگاه‌خراسان‌
غشصفا,غشصفا-شیرپاستوریزه‌پگاه‌اصفهان‌
غشهد,غشهد-شهد ایران ‌
غپآذر,غپآذر-شیر پگاه آذربایجان شرقی
غپونه,غپونه-نوش پونه مشهد
سخوز,سخوز-سیمان خوزستان
سدبیر,سدبیر-س. تدبیرگران فارس وخوزستان
سدشت,سدشت-صنایع سیمان دشتستان
سدور,سدور-سیمان‌ دورود
سشرق,سشرق-سیمان‌ شرق‌
سشمال,سشمال-سیمان‌ شمال‌
سصفها,سصفها-سیمان‌اصفهان‌
سصوفی,سصوفی-سیمان‌ صوفیان‌
سغدیر,سغدیر-توسعه سرمایه و صنعت غدیر
سغرب,سغرب-سیمان‌غرب‌
سفار,سفار-سیمان‌فارس‌
سفارود,سفارود-کارخانه فارسیت درود
سفاسی,سفاسی-شرکت فارسیت اهواز
سفانو,سفانو-سیمان فارس نو
سقاین,سقاین-سیمان‌ قائن‌
سکارون,سکارون-سیمان کارون
سکرد,سکرد-سیمان کردستان
قتربت,قتربت-قند تربت حیدریه
قثابت,قثابت-قند ثابت‌ خراسان‌
قجام,قجام-فرآوردههای غذایی وقندتربت‌جام‌
قرن,قرن-پدیده شیمی قرن
قزوین,قزوین-کارخانجات‌ قند قزوین‌
قشکر,قشکر-شکر
قشیر,قشیر-قند شیروان قوچان و بجنورد
قلرست,قلرست-قند لرستان‌
قمرو,قمرو-قند مرودشت‌
قنقش,قنقش-قند نقش جهان
قنیشا,قنیشا-قند  نیشابور
قهکمت,قهکمت-قندهکمتان‌
قپیرا,قپیرا-فرآورده‌های‌غدایی‌وقندپیرانشهر
قیستو,قیستو-شرکت قند بیستون
کابگن,کابگن-تولیدی و صنعتی آبگینه‌
کفرآور,کفرآور-فرآورده های سیمان شرق
کقزوی,کقزوی-شیشه‌ قزوین‌
کلر,کلر-کلر پارس
کلوند,کلوند-کاشی‌ الوند
کمرجان,کمرجان-بازرگانی و تولیدی مرجان کار
کمنگنز,کمنگنز-معادن‌منگنزایران‌
کمینا,کمینا-شیشه سازی مینا
کنور,کنور-توسعه معدنی و صنعتی صبانور
کهرام,کهرام-تولیدی گرانیت بهسرام
کورز,کورز-ورزیران‌
کولان,کولان-کولان سل
کوچین,کوچین-تولیدی کوچین
کگاز,کگاز-شیشه‌ و گاز
کی بی سی,کی بی سی-شرکت کی بی سی
وساربیل,وساربیل-شرکت س استان اردبیل
وساشرقی,وساشرقی-شرکت س استان آذربایجان شرقی
وساغربی,وساغربی-شرکت س استان آذربایجان غربی
وسالت,وسالت-بانک قرض الحسنه رسالت
وسبحان,وسبحان-سرمایه گذاری سبحان
وسبوشهر,وسبوشهر-شرکت س استان بوشهر
وسخراج,وسخراج-شرکت س استان خراسان جنوبی
وسخراش,وسخراش-شرکت س استان خراسان شمالی
وسخوز,وسخوز-شرکت س استان خوزستان
وسرضوی,وسرضوی-س.سهام عدالت استان خراسان رضوی
وسزنجان,وسزنجان-شرکت س استان زنجان
وسصفا,وسصفا-شرکت س استان اصفهان
وسپهر,وسپهر-گروه سرمایه گذاری سپهر صادرات
شلیا,شلیا-شرکت مواد ویژه لیا
شمس,شمس-تولید انرژی برق شمس پاسارگاد
شملی,شملی-ملی شیمی کشاورز
شنفت,شنفت-نفت‌ پارس‌
شهر,شهر-گروه مالی شهر
شوینده,شوینده-مدیریت صنعت شوینده ت.ص.بهشهر
شگامرن,شگامرن-مجتمع پترو صنعت گامرون
شگستر,شگستر-گسترش سوخت سبززاگرس(سهامی عام)
شگل,شگل-گلتاش‌
شگویا,شگویا-پتروشیمی تندگویان
شیراز,شیراز-پتروشیمی‌شیراز
شیران,شیران-س. صنایع‌شیمیایی‌ایران
شیفته,شیفته-کشت و صنعت شیفته آرای شرق
غاذر,غاذر-کشت‌وصنعت‌پیاذر
غالبر,غالبر-لبنیات‌ کالبر
شراز,شراز-پالایش نفت شیراز
شرانل,شرانل-نفت ایرانول
شرنگی,شرنگی-شیمیایی رنگین
شساخت,شساخت-مهندسی و ساختمان صنایع نفت
شستان,شستان-پتروشیمی شهید رئیسی گلستان
شسینا,شسینا-صنایع‌شیمیایی‌سینا
شصدف,شصدف-صنعتی دوده فام
شصفها,شصفها-پتروشیمی‌ اصفهان‌
شغدیر,شغدیر-پتروشیمی غدیر
شفا,شفا-سرمایه گذاری شفادارو
شفارا,شفارا-پتروشیمی فارابی
شفام,شفام-تولیدی و صنعتی گوهرفام
شفن,شفن-پتروشیمی فناوران
شکام,شکام-صنایع شیمیایی کیمیاگران امروز
شکبیر,شکبیر-پتروشیمی امیرکبیر
شکلر,شکلر-نیروکلر
وسفارس,وسفارس-شرکت س استان فارس
وسقم,وسقم-شرکت س استان قم
وسلرستا,وسلرستا-شرکت س استان لرستان
وسمازن,وسمازن-س.سهام عدالت استان مازندران
وسمرکز,وسمرکز-شرکت س استان مرکزی
وسنا,وسنا-سرمایه گذاری نیروگاهی ایران
وسهرمز,وسهرمز-شرکت س استان هرمزگان
وسهمدا,وسهمدا-شرکت س استان همدان
وسکاب,وسکاب-س.ص.بازنشستگی کارکنان بانکها
وسکرد,وسکرد-شرکت س استان کردستان
وسکرشا,وسکرشا-س.سهام عدالت استان کرمانشاه
وسکرمان,وسکرمان-س.سهام عدالت استان کرمان
وسکهبو,وسکهبو-س.عدالت ا. کهگیلویه وبویراحمد
وسگلستا,وسگلستا-شرکت س استان گلستان
وسگیلا,وسگیلا-شرکت س استان گیلان
وسیزد,وسیزد-شرکت س استان یزد
وسیستا,وسیستا-شرکت س استان سیستان وبلوچستان
وسیلام,وسیلام-شرکت س استان ایلام
وسین,وسین-بیمه سینا
وآوا,وآوا-سرمایه گذاری آوا نوین
وآیند,وآیند-بانک  آینده
وامیر,وامیر-گروه صنعتی و معدنی امیر
وامین,وامین-سرمایه گذاری امین مهرگان
وایرا,وایرا-سرمایه گذاری صنایع ایران
وایران,وایران-لیزینگ ایرانیان
وبرق,وبرق-س.کارکنان صنعت برق زنجان وقزوی
وبشهر,وبشهر-توسعه‌ صنایع‌ بهشهر(هلدینگ
وبیمه,وبیمه-سرمایه‌ گذاری‌ صنعت‌ بیمه‌
وپایا,وپایا-سرمایه گذاری پایا تدبیرپارسا
وپترو,وپترو-سرمایه‌گذاری صنایع پتروشیمی‌
وپخش,وپخش-داروپخش‌ (هلدینگ‌
وپسا,وپسا-گ.س.پتروشیمی ساختمان خلیج فارس
سلار,سلار-شرکت سیمان لارستان
سمازن,سمازن-سیمان‌مازندران‌
سمایه,سمایه-بانک سرمایه
سمتاز,سمتاز-سیمان ممتازان کرمان
سمهریز,سمهریز-صنعتی معدنی سیمان تجارت مهریز
سنوین,سنوین-سرمایه گذاری اقتصاد نوین
سنیر,سنیر-سیمان‌ سفید نی‌ریز
سهرمز,سهرمز-سیمان‌هرمزگان‌
سهگمت,سهگمت-سیمان‌هگمتان‌
سکرما,سکرما-سیمان‌ کرمان‌
سیتا,سیتا-سرمایه گذاری سیمان تامین
سیدکو,سیدکو-سرمایه گذاری توسعه صنایع سیمان
سیستم,سیستم-همکاران سیستم
سیلام,سیلام-سیمان‌ ایلام‌
شارپیلن,شارپیلن-پتروشیمی ارغوان گسترایلام
موج,موج-ص.س.اهرمی موج فیروزه-س
دوایکس,دوایکس-ص.س.اهرمی شاخصی کیان-س
نارنج اهرم,نارنج اهرم-ص.س. اهرمی نارنج-س
اهرم,اهرم-صندوق س سهامی کاریزما- اهرمی
