time_utc,kind,sym,rule,strength,note,last,close,cpct,lpct,bp,nrp,pace,pr10,pr20,p,rank,lag_s
2026-09-30T09:10:00Z,eod,واحیا,توزیع→صف-فروش,فروش؟,چند روز ارزش بالا با قیمت مثبت، امروز چرخش به کف (در حال ارزیابی),25210.0,25340.0,-0.024634334103156297,-0.029638183217859937,0.417,-0.25412439702456824,7.832439547448322,0.580491145218418,0.8439063360881542,,,300.0
2026-09-30T09:10:00Z,eod,دفرا,توزیع→صف-فروش,فروش؟,چند روز ارزش بالا با قیمت مثبت، امروز چرخش به کف (در حال ارزیابی),49620.0,49910.0,-0.024242424242424288,-0.029912023460410553,0.605,0.05331831249691661,3.536489292014896,0.012578616352201255,-0.034436061133681584,,,300.0
2026-09-30T09:10:00Z,eod,غمارگ,R3-برگشت,خرید,افت ۱۰روزه ≥۸٪ + برگشت از کف دامنه + ارزش بالا (تاریخی ~۶۰٪),2683.0,2600.0,-0.0019193857965451588,0.02994241842610368,1.397,0.024533890751206464,8.747353623881015,-0.13188647746243742,0.16123269316659217,,,300.0
2026-09-30T09:10:00Z,eod,کاسپین,صف-واچ‌لیست,خرید,تشکیل صف خرید در طول روز در نماد واچ‌لیست (تاریخی ۷۰–۸۰٪ به +۱۰٪ در ۲۰ روز),40130.0,40070.0,0.02822684115986651,0.029766487041313905,0.778,0.0114144293847865,2.423339039460874,0.10233837689133418,0.2644367308299147,,,300.0
2026-09-30T09:10:00Z,eod,ولتجار,R3-برگشت,خرید,افت ۱۰روزه ≥۸٪ + برگشت از کف دامنه + ارزش بالا (تاریخی ~۶۰٪),3270.0,3190.0,0.003144654088050425,0.028301886792452935,0.793,0.029659808707554,2.24293898464976,-0.1039325842696629,-0.027439024390243927,,,300.0
2026-09-30T09:10:00Z,eod-model,نتوس,5%-خرید,خرید,رتبه 1 مدل ۵٪ (۱۰ روز),2103.0,2054.0,0.00587659157688547,,7.0,0.0,,,,0.7684380019952053,1,300.0
2026-09-30T09:10:00Z,eod-model,پشاهن,5%-خرید,خرید,رتبه 2 مدل ۵٪ (۱۰ روز),127500.0,124900.0,0.008885298869143687,,3.0,0.0,,,,0.66886032598724,2,300.0
2026-09-30T09:10:00Z,eod-model,گپارس,5%-خرید,خرید,رتبه 3 مدل ۵٪ (۱۰ روز),296000.0,288600.0,0.003826086956521646,,0.75,0.0,,,,0.6261468377036977,3,300.0
2026-09-30T09:10:00Z,eod-model,آسپ,5%-فروش,فروش,رتبه 1 مدل ۵٪ (۱۰ روز),29790.0,29790.0,-0.029957668511885416,,0.101,0.0,,,,0.6884480819945842,1,300.0
2026-09-30T09:10:00Z,eod-model,ثامان,5%-فروش,فروش,رتبه 2 مدل ۵٪ (۱۰ روز),27270.0,27720.0,-0.012468827930174564,,0.474,-0.014461411524008882,,,,0.6819999383846264,2,300.0
2026-09-30T09:10:00Z,eod-model,نارنجاهرم,5%-فروش,فروش,رتبه 3 مدل ۵٪ (۱۰ روز),69126.0,68545.0,0.031248119395799412,,0.948,0.0002581166199902192,,,,0.6514068425409575,3,300.0
