نماد,insCode,v20,pr3,pr5,pr10,pr20,v3_20,v5_20,dn_days5,up_days5,nrp3,nrp5,bp3,top100
فجر,41302553376174581,6.52799e+11,0.0915332,0.156364,0.332402,0.347458,0.209832,0.499014,0,5,0.35901,0.368101,7.37433,0
فجهان,45507655586782998,3.64775e+11,0.0883191,0.0945559,0.24026,0.272061,0.947521,0.933403,1,4,0.456185,0.321017,32.7197,1
فخاس,4733285133017464,2.96194e+11,0.0739726,0.0288714,0.156342,0.152941,2.07348,1.67616,2,3,0.529157,0.145571,3.19567,1
فخوز,28864540805361867,4.29286e+12,0.0578778,0.028125,0.115254,0.210449,0.506749,0.53358,1,3,-0.00908323,-0.206445,2.89733,1
فرآور,408934423224097,3.86473e+11,0.0903614,0.0903614,0.134085,0.500829,0.0457552,0.583485,1,4,0.162389,0.0868448,7.35733,0
فرابورس,58741071099161284,7.56642e+11,0.0866575,0.0762943,0.11898,0.0866575,0.665206,0.709077,1,4,0.299365,0.0908271,1.97333,0
فروی,29974853866926823,1.32458e+11,0.0865191,0.12305,0.217587,0.191176,0.7166,0.938766,0,5,-0.0343134,-0.00208927,1.80933,0
فزرین,43716452378323683,3.5665e+11,0.0605096,0.001002,0.0673077,0.0131846,2.34797,1.8619,2,3,0.0844611,0.0499642,0.960667,0
فسازان,12874072841236826,4.28935e+11,0.0916249,0.09319,0.178516,0.064201,0.490835,0.627667,1,4,0.31933,0.155926,3.692,0
فسرب,54277068923045214,1.75419e+11,0.0794153,0.0387833,0.0114772,0.115557,0.964396,0.904152,2,3,0.0653688,0.0181679,1.227,0
فسپا,8977441217024425,5.07884e+11,0.0908184,0.143305,0.321644,0.535112,0.361583,1.42527,0,5,0.356388,0.258512,7.352,0
فصبا,23557166059925779,2.92494e+11,0.0665083,0.0490654,0.139594,0.268362,0.686082,0.907912,1,4,0.394638,0.0969255,122.609,0
فملی,35425587644337450,1.45601e+13,0.0921233,0.134068,0.298453,0.222776,0.275626,0.755559,0,5,0.345108,0.180132,5.436,1
فن آوا,55201604487356053,2.09793e+11,-0.00757576,-0.0642857,0.00255102,0.12931,1.50629,0.973621,3,2,-0.105131,-0.278782,1.06433,0
فولاد,46348559193224090,1.36497e+13,0.0875332,0.105121,0.257669,0.381867,0.474122,0.84184,1,4,0.592759,0.343165,10.6363,1
فولاژ,40808043719554948,2.20754e+11,0.0503145,-0.00149477,0.0620032,0.0421217,0.889574,0.988837,3,2,-0.188394,-0.179213,1.05467,1
قاسم,34540569618314880,1.40638e+11,0.0921248,0.158392,0.340629,0.241554,0.58577,0.504345,0,5,0.632132,0.633494,10.5463,0
قچار,23600798892801694,3.55015e+11,0.0486577,0.0907504,0.0850694,0.213592,0.570443,0.677228,1,4,-0.0461445,-0.0181151,2.07933,0
قشرین,36671655475498480,8.94222e+10,0.0429799,0.0311615,0.17609,0.193443,0.632832,0.940532,1,4,-0.0671715,-0.127278,1.51133,0
قشهد,37631109616997982,8.80929e+10,-0.030137,-0.078125,-0.136585,-0.00561798,0.92113,0.687374,4,1,-0.0366604,-0.0826129,0.471,0
قصفها,40411537531154482,1.23109e+11,0.0757307,0.044282,0.0776398,-0.0406793,0.900925,0.902507,2,3,0.0461943,0.0160069,1.00233,0
کاذر,49353447565507376,2.56735e+11,0.0339559,0.0875,0.208333,0.198819,0.708671,0.664433,1,4,0.276567,0.259071,3.681,0
کالا,44549439964296944,1.59482e+12,0.0906321,0.136508,0.310156,0.37428,0.769175,1.00047,0,5,0.137326,0.106602,0.922667,1
کاما,4942127026063388,1.24143e+12,0.0816697,0.024055,0.150579,-0.0197368,1.45466,1.31748,2,3,0.123457,0.0137562,3.468,0
کایزد,58810336532668771,1.62962e+11,0.0596206,0.0155844,0.0539084,0.395432,1.07789,1.52635,2,3,0.0235431,0.0269148,1.32033,0
کتوکا,65671173927025645,3.10416e+11,0.0886228,0.0808561,0.10989,0.100484,0.658199,0.621515,2,3,0.0788446,0.0337746,1.045,0
کحافظ,32257753560585502,2.06257e+11,0.0832387,0.0730885,0.184526,0.0655006,1.21525,1.31505,1,4,-0.293422,-0.37201,1.03233,0
کرازی,57086055330734195,2.96803e+11,0.0903095,0.0680915,0.235768,0.0892043,0.682067,1.26892,2,3,0.123377,0.0607745,1.37433,0
کرمان,50792786683910016,7.62941e+11,0.035835,0.0880682,0.0880682,0.0720784,1.14648,1.24896,1,4,0.23527,0.265592,5.699,0
کرومیت,49632601495766480,2.32844e+11,0.0820611,0.0290381,0.0698113,0.0988372,0.41698,0.416622,2,3,-0.0115911,-0.0450642,2.06467,0
کزغال,28291104595448527,2.36318e+11,0.0801336,0.0855705,0.187156,0.0435484,0.791174,0.724637,1,4,0.254377,0.0041303,11.3433,0
کسرا,4614779520007780,2.90567e+11,-0.0359175,-0.0269203,0.117017,0.128065,1.00764,1.48822,3,2,-0.149505,-0.0515661,0.578667,0
کماسه,67690708346979840,4.13558e+11,0.0899804,0.154219,0.0360394,0.267472,1.76258,1.32122,0,5,0.491608,0.448484,1.941,0
کهمدا,67206358287598044,2.2366e+11,0.0849772,0.122449,0.29529,0.155089,0.948273,0.869651,0,5,-0.123195,-0.13584,1.17233,0
کوثر,22275596386264204,2.0086e+11,0.0606904,0.0330803,0.0738444,0.00368809,0.994753,0.716669,1,4,0.209524,0.0887758,1.81133,0
کچاد,18027801615184692,1.18993e+12,0.0771812,0.0629139,0.162201,0.038835,1.15895,0.991408,1,4,0.352494,0.184385,18.5943,1
کگل,35700344742885862,2.33425e+12,0.0882353,0.0707395,0.161088,0.0341615,0.930322,0.873388,1,4,0.267566,0.0542821,2.49333,1
کگهر,30703140537034664,5.53352e+11,0.0906667,0.0994624,0.139276,0.00245098,1.26624,1.05978,1,4,0.845143,0.439016,18.7267,1
سرود,11964419322927535,6.2442e+11,0.0188781,-0.0372069,0.00746667,0,0.904677,0.943341,3,2,-0.313924,-0.329109,0.603667,0
سفارس,15521712617204216,7.06251e+11,0.0918226,0.0895574,0.198555,0.0602288,0.971502,0.829488,1,4,0.0147979,-0.100898,4.28967,1
سلیم,51390991364277477,1.13929e+11,0.0390947,0.0946532,0.176242,0.0737066,1.11822,1.2178,1,4,-0.0231957,-0.0682158,0.946,0
سمگا,46741025610365786,7.42187e+11,0.00719424,-0.0277778,0.09375,0.105263,0.892617,1.00023,4,1,-0.00485932,-0.0164376,0.78,0
سیسکو,5286237676293152,9.78454e+11,0.0515625,0.00447761,0.0889968,0.0854839,0.798268,0.884539,3,2,-0.309535,-0.30294,1.873,1
سیمرغ,28450080638096732,2.07444e+11,0.0438931,0.0419048,0.0148423,0.00551471,0.92209,1.23226,2,3,0.209487,0.12844,1.24533,0
شاراک,7711282667602555,1.28245e+12,0.091214,0.0544394,0.105674,0.203848,0.426971,0.48799,2,3,0.0133447,-0.126989,1.63033,1
شبهرن,22667016906590506,1.18517e+12,0.0364261,0.0293515,0.31109,0.309151,1.26391,2.31493,2,3,-0.0196497,-0.0282417,0.519,1
شدوص,40611478183231802,1.68732e+11,0.091133,0.141753,0.318452,0.19086,0.0273086,0.84641,0,5,0,-0.0445412,19,0
شستا,2400322364771558,5.71787e+12,0.0852273,0.0437158,0.130178,0.154079,0.937178,0.920135,2,3,0.165496,-0.0196059,1.87433,1
شسپا,49188729526980541,9.27504e+11,0.0921313,0.158071,0.319007,0.281671,0.322229,0.285481,0,5,0.609793,0.581435,6.755,1
شفارس,43781018754867729,1.04419e+11,0.0607827,0.112178,0.222649,0.148783,1.03195,1.42412,0,5,0.0367919,0.035039,1.18733,0
شلرد,56429431740318486,6.12423e+11,-0.0296496,-0.0374332,0.011236,0.240524,1.1842,1.28555,3,2,-0.0548332,-0.0819176,0.597,0
شپاکسا,11622051128546106,3.62092e+11,-0.0142096,-0.0640809,0.0660776,0.0412758,0.866451,0.935066,4,1,-0.0913037,-0.168394,0.663,0
شپترو,71957984642204570,1.78288e+11,-0.00480769,-0.0633484,-0.0551264,0.0842063,1.3245,0.949703,4,1,0.0231974,-0.161066,1.179,0
شپدیس,20562694899904339,6.23236e+12,0.0217391,-0.00731113,-0.0549111,-0.0408163,0.299062,0.37646,2,1,0.00696243,0.052074,0.681333,1
شکربن,27308217070238237,3.04793e+11,0.0514768,0.0939421,0.207364,0.409502,0.903201,0.970651,1,4,0.237344,0.00819255,1.158,0
شلعاب,39116664428676213,7.66533e+10,0.0880936,0.130901,0.283279,0.193208,0.666252,0.980668,0,5,0.371324,0.253463,2.724,0
صبا,33938004134399485,3.11231e+12,0.0904807,0.0802988,0.326835,0.684899,0.346352,0.942366,1,4,0.410593,0.229081,2.10067,1
عالیس,34213522001938649,4.45674e+11,0.0303541,0.00658979,0.0607639,-0.0541796,0.649444,0.938418,3,2,0.0694934,0.206591,0.976333,0
غدشت,2434703913394836,9.29551e+10,0.0886918,0.152582,0.319892,0.252551,1.54393,1.04527,0,5,0.592216,0.501309,7.42267,0
غزر,4369934250728330,9.13429e+11,0.0425139,0.0235935,0.167702,0.179916,1.1271,1.19891,2,3,-0.147963,-0.199322,0.923333,0
غشهداب,33611155027418901,1.97072e+11,0.0785743,0.0584261,0.109583,0.143409,0.767271,0.715287,1,4,-0.181737,-0.116519,1.30367,0
غصینو,71758511001096824,3.18357e+11,0.061157,0.003125,0.152603,0.0288462,0.983715,1.05418,2,3,-0.185826,-0.180111,0.984333,1
غمارگ,21501758781665781,1.6542e+11,-0.0369468,-0.076324,-0.0500601,-0.111943,1.52637,1.37848,5,0,-0.0203707,-0.00331695,0.782,0
غناب,42470251469508137,5.71839e+10,0.0330948,-0.0228426,-0.00259067,0.0239362,0.780994,0.61466,3,2,0.110809,0.0664856,1.127,0
غپاک,34032872653290886,1.36348e+11,0.06724,0.10303,0.272727,0.207965,0.919815,0.952969,0,5,0.01009,0.031032,0.747,0
غپینو,18401147983387689,5.61211e+11,0.00148588,-0.040797,0.0465839,0.0258752,0.685598,0.655679,3,2,-0.104292,-0.144354,0.517667,0
غچین,44850033148208596,8.11892e+10,0.018622,0.0600775,0.199561,0.123203,0.791903,0.975496,1,4,-0.0964447,-0.0217145,0.779333,0
غکورش,62404730109947970,9.479e+11,-0.0314827,-0.0444222,0.10293,0.0812547,1.16375,1.71001,3,2,0.0891621,0.0868711,0.536,1
فاذر,38547060135156069,3.38776e+11,0.0920411,0.1572,0.334878,0.252795,0.230264,0.581825,0,5,-0.0822078,-0.0574525,3.98667,0
فاراک,20865316761157979,6.1441e+11,0.0877307,0.145585,0.174825,0.05,0.973337,1.02525,0,5,-0.0134537,0.0271974,10.9877,0
فارس,25244329144808274,4.37319e+12,0.0739857,0.0273973,0.14601,0.149142,0.412683,0.512091,2,3,-0.252409,-0.349044,0.745333,1
فالوم,71571639927013317,1.42139e+11,0.033052,-0.0167336,-0.0534794,0.237574,0.507988,0.758474,2,3,0.0900649,0.0294394,1.14567,0
فایرا,65004959184388996,7.61206e+11,0.0769231,0.0195838,0.134877,0.0577778,1.17525,1.24831,2,3,0.116201,0.0193814,1.05233,1
فباهنر,66772024744156373,9.07252e+11,0.0816832,0.0347277,0.108199,-0.0430657,0.803329,0.828185,2,3,-0.058948,-0.100916,0.921667,0
وسدید,41713045190742691,3.46903e+11,-0.0313844,-0.0882234,-0.033462,0.26573,1.86574,1.2289,4,1,0.0460473,-0.0702066,0.881333,0
وسرمد,43291783149314349,4.13873e+10,0.0219298,0.0515796,0.0794176,-0.0522952,0.916111,0.792577,1,4,-0.0164804,0.0579737,1.50533,0
وسینا,45050389997905274,4.56355e+11,0.0650155,0.0207715,0.0519878,0.00584795,0.565688,0.542704,2,3,-0.00113534,-0.0344594,2.09333,0
وغدیر,26014913469567886,1.80432e+12,0.0853485,0.0246195,0.125922,0.0706268,1.75415,1.35494,2,3,0.255471,0.157425,2.08533,1
ولبهمن,48287670503317419,2.19354e+11,-0.0285714,0.0149254,0.168787,-0.00293255,1.94893,2.0672,2,3,-0.130575,-0.0468711,0.570667,0
ولساپا,45174198424472334,2.60253e+11,0.0918197,0.157522,0.339249,0.704605,0.563223,1.00203,0,5,0.517064,0.419385,7.02433,0
ومعادن,58931793851445922,3.51486e+12,0.0891365,0.0625,0.184848,0.146628,1.03917,0.911611,1,3,0.347737,0.131837,2.75233,1
ومهان,47026464823464687,7.11209e+11,0.0609756,0.0201005,0.123616,0.107273,1.33773,0.975264,2,3,0.0111331,-0.127816,1.24233,1
ونوین,47302318535715632,2.16729e+12,0.0756757,0.0231362,0.0310881,0.0727763,1.11737,0.928945,2,3,0.254162,0.13105,2.28867,1
ونیرو,62603302940123327,6.20897e+11,-0.00488998,-0.0145278,0.0226131,0.0911528,0.516317,0.895131,3,2,-0.0456961,-0.0452355,0.737667,0
ونیکی,25336820825905643,3.90605e+11,0.0521583,0.00862069,0.0914179,0.174699,0.817373,0.764287,3,2,0.217511,0.10935,0.596667,1
وهور,25215182208950217,3.97552e+11,0.0892433,0.14032,0.305409,0.248541,1.03375,1.46164,0,5,0.737182,0.435935,10.9997,0
وکادو,56717416662584054,1.4608e+11,0.0886598,0.135484,0.230769,0.768301,0.706883,0.758828,0,5,0.364522,0.340545,7.90167,0
وکار,47996917271187218,2.79638e+11,0.0904836,0.153465,0.123794,0.100787,0.377819,0.318487,0,5,0.780411,0.501608,10.1097,1
وکغدیر,40553302624764543,1.61421e+12,0.0911425,0.145553,0.313756,0.370968,0.29875,0.805916,0,5,0.74549,0.59945,50.691,1
وگردش,66790687790437196,1.05052e+12,0.0521978,0.0849858,0.200627,0.166971,0.980918,1.71702,1,4,0.107081,0.0135391,1.795,0
آواک,65663173216130783,1.25912e+11,0.021028,-0.0179775,-0.0534296,-0.0675676,0.453439,0.502742,3,2,-0.0134032,-0.0462606,2.06467,0
الکتروماد,383529400851043,2.13248e+11,0.0533088,0.104046,0.267699,0.219149,2.77033,2.74746,1,4,0.616269,0.268901,26.122,0
بترانس,46752599569017089,1.07406e+12,0.0887728,0.106101,0.174648,0.201729,1.4024,1.17647,1,4,0.553503,0.368715,7.836,1
بتهران,63520812390415652,1.64814e+11,0.0851485,0.13811,0.241223,0.505495,0.51768,0.689633,0,5,-0.0141036,0.0580449,0.555667,0
بجهرم,33629260529503413,2.82534e+11,0.0515464,0,0.0234114,-0.0946746,0.982522,1.10452,2,3,-0.19901,-0.0937026,1.278,0
برکت,34557241988629814,7.46473e+11,0.0140562,0.01,0.0327198,-0.0380952,0.916001,1.02027,2,3,0.0275436,-0.00703655,0.765667,0
بفجر,46178280540110577,8.9378e+11,0.0898876,0.027361,0.0919325,-0.0427632,0.650674,0.550037,2,3,0.314954,0.249629,1.23967,1
بنو,54493234408301135,7.07004e+10,0.0775154,0.0422046,0.0955115,0.0204181,0.642514,0.374486,2,3,0.299345,0.148506,2.16633,0
بورس,60523145697836739,1.16931e+12,0.0903846,0.0820611,0.127237,0.0480591,0.33312,0.462152,1,4,0.488029,0.335567,8.64533,0
بکام,22382156782768756,1.49261e+11,0.0712074,0.0613497,0.0914826,-0.00288184,0.783451,0.701554,2,3,0.0896593,0.0487553,1.44133,0
پارس,6110133418282108,1.34245e+12,0.0890208,0.136223,0.254701,0.419729,0.420684,0.698889,0,5,0.284698,0.158209,4.51833,1
پاسا,63580313877463104,3.25814e+11,0.0438449,0.0746528,0.219704,0.20311,1.07034,1.10852,1,4,-0.0678086,-0.107612,1.33833,0
پتایر,41935584690956944,2.33096e+11,0.0851986,0.0863751,0.149083,0.0379834,0.794945,0.856479,1,4,0.216244,0.164555,1.67433,0
پترول,69143674941561637,6.37565e+11,0.0712179,0.0119427,0.051717,0.00553797,0.804224,0.815999,2,3,-0.0760458,-0.0841312,1.47233,0
پخش,12638840758449459,6.94643e+11,-0.012987,-0.0617284,0.058651,0.0609846,1.74062,1.62166,4,1,0.310808,0.216874,0.732333,0
پلاست,34552750623263639,1.8986e+11,0.00153139,-0.0521739,0.0283019,-0.112217,0.474819,0.418227,4,1,-0.0167634,-0.02451,0.598333,0
پکویر,7235435095059069,3.68456e+11,0.0151515,-0.0401146,-0.0428571,-0.000258755,0.855564,0.754528,3,2,0.153952,0.0671805,0.616,0
پی پاد,26316376625263940,3.35423e+11,0.0663842,0.0147849,0.00265604,-0.0491184,0.968587,1.0545,2,3,0.104859,0.0430405,3.47167,0
پیزد,32784604551756178,6.97618e+11,0.090263,0.152517,0.314482,0.43097,0.348884,0.413591,0,5,0.595312,0.367675,40.885,0
آریا,55127657985997520,1.09053e+12,0.0895785,0.137067,0.188884,0.535056,0.232478,0.540566,0,5,-0.026565,-0.115233,4.57367,1
آسیا,51106317433079213,2.25009e+11,0.074813,0.021327,0.122396,0.0694789,0.865156,0.779807,2,3,0.147983,0.0653463,1.07733,0
اخابر,22811176775480091,1.23339e+12,0.0755814,0.134969,0.125761,0.0776699,1.42392,1.49902,0,5,0.49273,0.428627,9.316,1
ارفع,59266699437480384,5.83095e+11,0.0920162,0.0810449,0.142251,0.366638,0.293539,0.457002,1,4,0.25401,0.082904,8.63033,1
اسیاتک,14079693677610396,3.85992e+11,0.0648536,0.121145,0.232446,0.206161,0.679665,0.744616,0,5,0.252439,0.117394,6.38833,0
تاپیکو,22560050433388046,4.04334e+12,0.0791766,0.0183041,0.172725,0.436081,0.800441,1.40371,2,3,-0.00344503,-0.092787,0.589667,1
تجلی,1301069819790264,1.80841e+11,0.0535083,0.000479386,0.0372763,0.0926702,1.07145,0.909239,2,3,0.109347,-0.0319677,1.20967,0
توسن,66315581735594751,4.47634e+11,0.0910317,0.153243,0.332784,0.268025,0.5255,0.643386,0,5,0.132961,0.103285,1.98067,0
تپکو,54509759694064219,3.91118e+11,0.0852995,0.109462,0.113594,0.0118443,0.408312,0.497119,0,5,0.141434,0.0952383,4.79967,0
تکنو,3654864906585643,1.88262e+11,-0.0101781,-0.0626506,-0.0581114,-0.175847,0.507325,0.500432,4,1,-0.00765415,-0.0272489,0.735667,0
ثاخت,17800036702302776,4.44745e+11,0.0790094,0.0166667,0.162643,0.202365,0.875066,1.20553,2,3,0.0746573,-0.00343383,1.95833,0
ثامید,18568733593280948,1.27372e+11,0.0178104,0.0351625,0.100227,0.0508383,0.668982,0.620504,1,4,-0.104143,-0.0845001,4.155,0
ثبهساز,14744445176220774,3.92762e+11,-0.0156695,0.0308304,0.13155,0.0702117,1.61725,2.22917,2,3,-0.0186876,0.00537247,1.102,0
ثفارس,30852391633490755,7.44006e+11,0.00139762,-0.00069735,-0.0231766,-0.140372,1.05407,0.98852,2,3,0.161142,0.0956063,0.956667,0
ثمسکن,3863538898378476,2.64419e+11,0.0577508,0.00578035,0.10828,0.0642202,0.484488,0.824352,2,2,-0.19531,-0.301312,1.197,0
چدن,12329519546621752,4.74315e+11,0.0893971,0.0826446,0.244656,0.333333,0.861498,1.05001,1,4,-0.0820746,-0.098928,1.72933,0
لوتوس,59142194115401696,1.67053e+11,0.0882353,0.0882353,0.0787172,0.200909,1.48426,1.55657,1,4,0.438376,0.14471,6.34267,0
لکما,45641540066710190,5.64835e+10,-0.0315789,0.00409277,0.0960536,0.215524,2.14785,2.13223,2,3,0.00964004,-0.0101995,0.533667,0
مادیرا,15917865009187760,3.15671e+11,-0.00609756,0.0349206,0.11149,0.125691,0.880318,0.961106,2,3,0.0723889,0.092006,1.60667,0
مبین,27922860956133067,2.41799e+12,0.00452899,-0.0529462,-0.0553663,-0.118442,0.454555,0.503136,4,1,-0.043343,-0.0941323,0.543333,1
مهر,20453559648564964,1.22356e+11,0.0888325,0.0725,0.114286,0.211864,0.921598,0.657972,1,4,0.75775,0.202954,126.36,0
مهرمام,60369091709615715,3.21832e+11,0.0742358,0.0490405,0.165877,0.312,0.596784,0.717291,2,3,0.0623634,-0.00963531,8.744,0
مهرگان,29875801858560476,5.05705e+11,-0.00472441,-0.020914,0.0437655,0.335748,0.705533,0.71318,3,2,0.147484,0.0605672,4.18433,1
میدکو,33441514568901717,9.4882e+11,0.00645161,0.00483092,0.0113452,-0.0810015,0.485499,0.464399,3,2,0.0557355,0.138353,1.90567,1
میهن,26543014712914772,1.79788e+11,-0.0114239,-0.066641,-0.00247015,-0.151908,0.852128,0.892378,4,1,0.0257213,-0.0336885,0.706333,0
نان,8000351713789858,2.34599e+11,-0.0155763,-0.0140406,0.0621849,-0.0880231,0.823597,1.18303,3,2,-0.154478,-0.0683223,1.45367,0
نطرین,64699417405634265,1.85378e+11,-0.0230024,0.0210881,0.0117008,0.24409,1.57618,1.93516,2,3,-0.0463818,-0.0194014,0.702,0
نوری,19040514831923530,5.496e+12,0.0514009,0.00200763,0.0219083,0.210233,0.439841,0.514358,3,2,-0.162373,-0.14348,0.782667,1
های وب,43362635835198978,2.76384e+11,0.0307018,0.00858369,0.0681818,-0.0309278,0.741514,0.628375,3,2,-0.0196869,-0.0111511,0.999,0
هرمز,70498485598181604,5.54898e+11,0.0843091,0.0243363,0.107656,0.0817757,0.534761,0.710562,2,3,0.0595807,-0.138637,1.41533,1
واحیا,17284166795866794,7.86015e+11,0.0870894,0.148044,0.699348,0.819805,1.62782,1.92962,0,5,0.675078,0.586398,5.45967,1
کویر,43545527030854340,8.51379e+11,0.0128393,-0.0315679,0.0718168,0.253291,0.815436,0.85117,3,2,-0.033517,-0.0329212,2.37967,0
کیسون,38628771709301941,2.85359e+11,0.0385501,-0.00055371,0.034384,-0.0554683,0.766852,0.869817,2,3,0.207431,0.158216,1.23033,0
والبر,57944184894703821,4.48663e+11,0.0308483,-0.0195599,0.0608466,0.0308483,0.848458,0.799712,3,2,-0.10299,-0.194706,0.983,0
والماس,36282416082320053,1.18142e+11,0.0844607,0.0381519,0.053267,0.163137,0.416116,0.389061,2,3,-0.420855,-0.356666,0.643667,0
وبانک,48010225447410247,1.84166e+12,0.0893737,0.102564,0.269893,0.274074,0.92862,1.76299,1,4,-0.0380009,0.0174615,0.865333,1
وبصادر,28320293733348826,2.3795e+12,0.0867117,0.0320856,0.0244161,-0.0454995,0.703591,0.552164,2,3,0.23133,0.0670884,2.18,1
وبملت,778253364357513,1.10493e+13,0.0545957,0.0241611,0.0538674,0.00726073,0.983516,0.877855,2,3,0.00914907,-0.0672824,1.237,1
وبهمن,18063426072758458,2.70588e+11,0.0411792,-0.0102313,0.0869565,-0.0564037,0.602658,0.643486,2,3,0.226086,0.131892,0.727667,0
وبوعلی,28328710198554144,6.05927e+10,0.0404313,-0.00515464,0.0432432,0.142012,0.374105,0.481218,2,3,0.222964,-0.00915346,2.57067,0
وتجارت,63917421733088077,6.64538e+12,0.069874,0.00972973,0.020765,-0.038105,0.499423,0.581931,2,3,0.0928631,-0.0456171,1.51367,1
وتوکا,47232550823972469,3.40041e+11,0.0890052,0.0749354,0.230769,0.136612,0.408771,1.09613,1,4,0.641501,0.294586,7.54233,0
وحکمت,12777578088653944,1.10088e+11,0.00188561,-0.048926,0.0264005,0.0337224,0.682334,0.80304,4,1,-0.190646,-0.222532,2.54133,0
وخارزم,7395271748414592,1.02061e+12,0.0916335,0.157339,0.3347,0.388023,0.424565,0.367163,0,5,0.661131,0.577018,6.91633,1
وخاور,47333458678352378,7.01986e+11,0.0764951,0.075,0.23445,0.281457,1.27654,0.974256,1,4,0.0522786,-0.0421475,0.916,1
ورازی,60079434631497942,1.00333e+11,0.0885794,0.148061,0.161712,0.405755,1.35072,1.40849,0,5,0.38351,0.321292,4.44467,0
ورنا,7385624172574740,9.40233e+11,0.0787293,0.0862309,0.0832178,0.0249344,0.514422,0.528146,1,4,0.0523799,0.0310698,2.15033,0
وساخت,25514780181345713,2.28192e+11,-0.001443,-0.0593566,0.0538071,0.00435414,0.704283,0.689305,3,2,0.153753,0.0373362,1.05467,0
وساپا,37614886280396031,2.38932e+12,0.054384,0.0117146,0.0281385,0.0127932,0.539863,0.575019,3,2,0.105623,0.0337901,1.288,0
وسپه,2328862017676109,4.06399e+11,0.0832196,0.0311688,0.11049,0.119887,1.03523,0.965388,2,3,0.163215,0.0741822,1.007,1
وپارس,33293588228706998,4.3706e+12,0.0390173,-0.020436,-0.0686528,0.0400193,0.781344,0.848557,3,2,0.145041,-0.0158514,1.08167,1
وپاسار,9536587154100457,5.73794e+12,0,0,-0.0686275,-0.155138,0.735386,0.514793,3,2,0.278784,0.276498,1.02233,1
وپست,22087269603540841,3.98104e+11,0.0616785,0.030422,0.0880829,0.0584677,0.634214,0.637523,2,3,-0.0448747,-0.25435,1.295,1
حآفرین,21432551703060846,4.06156e+11,0.0517121,0.0921626,0.106618,0.020685,0.902556,0.826315,1,4,0.235262,0.169059,5.39067,0
حسیر,13281937213456378,2.77558e+11,-0.0110865,0.0372093,0.0657109,0.267045,2.308,2.10972,2,3,0.0998913,0.133262,0.588333,0
حشکوه,50587892784913370,6.74348e+10,0.0319744,-0.00920952,0.0402901,-0.0645671,0.701361,0.501394,3,2,0.0316279,0.0203494,1.19733,0
حفاری,28809886765682162,8.79797e+11,0.0580762,0.00171821,0.0121528,-0.119335,0.884942,0.858496,2,3,0.363158,0.178744,1.88467,0
خاذین,42075223783409640,6.3814e+10,0.00632911,-0.0392749,0.0660409,0,0.769902,0.693471,4,1,-0.17566,-0.147517,1.265,0
خاور,49270349234092953,7.06424e+11,0.0422446,0.0455408,0.131417,0.00303398,0.778105,0.938913,1,4,0.0162939,0.00583935,1.02033,0
خبرنا,25079426576214829,2.78661e+11,0.032445,-0.0110988,0.08,0.0276817,0.678352,0.800597,3,2,-0.0648521,-0.0350469,1.39533,0
خبنیان,37089148943784077,1.25815e+11,0.0481859,0.000541126,0.0571755,-0.0571137,0.731925,1.01339,3,2,0.0550002,0.0339629,1.229,0
خبهمن,26824673819862694,1.17245e+12,0.0351438,-0.00537222,0.0498177,-0.047759,0.858124,0.882261,3,2,0.0513864,0.0458443,0.826333,1
ختراک,22903901709044823,7.59993e+10,0.0231566,0.0188107,0.0640051,0,0.791399,0.694828,2,3,0.0526549,0.036218,0.977,0
خریخت,12752224677923341,7.13413e+10,-0.00789058,-0.00158814,0.140956,0.322581,1.28914,1.25063,2,3,-0.0162427,0.00506677,0.796333,0
خزامیا,2589887561569709,1.39156e+12,0.0807122,0.0453502,0.0411664,0.111722,0.738538,0.762516,2,3,0.0692613,0.0279228,1.464,0
خزر,32821908911812078,1.12893e+11,0.0239024,0.0274107,0.0649417,-0.148133,0.769894,0.837376,1,4,-0.01281,-0.0218922,0.841,0
خساپا,44891482026867833,3.86585e+12,0.0395315,0.0319767,0.0456554,-0.0755208,0.747187,0.743661,1,4,0.148182,0.0702376,1.16533,1
خفنر,28033133021443774,1.14383e+11,0.071337,0.0419609,0.0731707,-0.00119474,0.525259,0.485707,2,3,0.017946,0.0394943,1.17467,0
خپارس,25211433301660888,7.56227e+11,-0.0288227,-0.0330739,-0.0847145,0.163934,0.391706,0.636197,3,2,0.103572,0.0590711,2.67319,0
خکار,59217041815333317,1.19541e+11,0.0922633,0.157922,0.300343,0.166838,1.42591,1.38497,0,5,0.719814,0.528133,10.1243,0
خکاوه,64842837716888827,5.37172e+11,0.024447,0.0220674,0,-0.0434783,1.0928,1.17502,2,3,0.0305569,0.0884213,1.693,0
چکاپا,28957320033282870,3.11342e+11,0.0920015,0.158104,0.265448,0.584741,0.221468,0.243253,0,5,0.020844,0.0756069,8.608,0
خلنت,14957056743925737,9.43315e+10,0.0282318,0.0880503,0.24237,0.207679,1.97952,1.45091,1,4,0.0763937,0.204234,2.26633,0
خمهر,17330546482145553,1.93137e+11,0.0788804,0.0816327,0.194366,0.187675,0.736238,0.803636,1,4,-0.0270751,-0.0123873,1.25,0
خموتور,57273529732791251,1.62045e+11,-0.0156986,-0.0176263,0.121646,0.0627119,1.17014,2.18697,3,2,-0.173913,-0.146263,0.725667,0
خودرو,65883838195688438,5.89785e+12,0.0625889,0.0580737,0.152778,-0.0222513,1.03452,1.44821,1,4,-0.00717192,-0.061757,1.185,1
خکمک,19257295292088310,1.1404e+11,0.00902105,0.0682703,0.11152,0.0508003,1.03293,1.13486,1,4,0.00227312,0.093539,0.954667,0
خگستر,48990026850202503,2.0498e+12,0.0787589,0.116049,0.208556,0.0366972,0.788457,1.34391,0,5,0.122122,0.124168,4.03033,0
خیمن,22645269567765904,2.96306e+11,-0.0215827,0.00554529,0.0750988,0.121649,0.920295,1.05606,2,3,0.00435455,0.0283016,1.527,0
درازک,22255783119783047,5.15208e+11,0.0833333,0.139875,0.181818,0.109756,1.15217,1.0236,0,5,0.156386,0.231015,1.995,0
دسانکو,47348197320716810,1.44764e+11,0.0555556,0.0712166,0.0776119,-0.0269542,1.0221,1.32447,1,4,0.185285,0.168372,1.39967,0
دلقما,29247915161590165,8.90038e+11,0.0524691,-0.00195122,0.0513875,0.0623053,1.20129,1.15404,2,3,0.080129,0.00671864,0.727667,0
ذوب,71483646978964608,3.43147e+12,0.040625,-0.0147929,0.0060423,-0.0458453,0.954237,1.19445,2,3,-0.0839656,-0.0631972,0.84,1
رتاپ,41048299027409941,1.82394e+11,0.0153374,0.0631692,0.056383,0.133562,1.90454,1.22848,1,4,-0.102201,-0.20811,0.988333,0
زفکا,5427792638736934,3.10007e+11,0.00884956,-0.0208589,0.00630517,-0.0408654,1.06781,1.26535,3,2,-0.078753,-0.0363693,0.611333,0
زملارد,14916489896692147,1.87844e+11,-0.00329598,-0.0381679,0.0655391,0.0106952,0.902574,1.13914,3,2,0.0480828,0.0498708,1.81333,0
سخزر,67327029014085707,1.94583e+11,0.0824891,0.0579915,0.200642,0.0951684,0.746731,0.945139,1,4,0.000199793,-0.192851,1.926,0
سرچشمه,35948133957468680,7.92936e+11,0.0903614,0.105006,0.136935,0.313498,0.674932,0.834522,1,4,0.586991,0.494639,5.24433,0
پارسان,23441366113375722,1.36769e+12,0.0749447,0.0568244,0.165867,0.103948,0.979483,0.876635,1,4,0.0613235,-0.00309488,0.985,1
پارسیان,9481703061634967,6.99164e+10,0.0253369,-0.0310749,0.0365123,0.0203863,0.592283,0.744255,3,2,-0.2584,-0.334026,0.828667,0
پاکشو,62786156501584862,1.14318e+11,0.00833912,0.0614484,0.22758,0.248709,1.0268,1.60311,1,4,-0.271069,-0.107431,0.601,1
پتوسعه,6233172939132588,8.7278e+10,0.0687361,0.0365591,0.0675526,-0.00515996,1.87399,1.13783,2,3,0.384018,0.147933,4.54833,0
پدرخش,24079409192818584,1.08603e+11,0.0563607,0.0632091,0.0684039,-0.00455235,0.743181,0.78696,2,3,0,-0.0150142,5.61433,0
پرداخت,59607545337891226,7.19401e+10,0.0212766,-0.030303,0.0212766,-0.142857,0.583983,0.580817,3,2,0.0796513,-0.000100682,1.38,0
پردیس,15039949673085566,5.95953e+10,0.0867209,0.0571178,0.131171,0.14245,1.30448,1.16305,2,3,0.0833388,-0.0762573,1.71833,0
پشاهن,44052047028305231,1.61615e+09,0.07,0.106954,0.199201,0.425225,0.890837,0.819545,0,5,0,0,2.66667,0
پلاسک,57722642338781674,3.0297e+10,0.0680628,0.0948122,0.106691,0.0497427,0.739476,0.886371,0,5,0.271109,0.16055,6.46267,0
پکرمان,23214828924506640,2.7622e+11,0.0716934,0.0743494,0.207521,0.210894,1.47488,1.21918,1,4,-0.239645,-0.336452,0.843667,0
داراب,27299841173245405,1.66254e+09,0.059194,0.068615,0.0486284,0.130376,1.55205,1.18584,1,4,0,0,10.3333,0
دارو,67988012428906654,8.69936e+11,0.0319043,0.0443996,0.207701,0.235084,1.17739,4.07795,1,4,0.209969,0.0733687,1.30567,1
داسوه,12387472624849835,8.29938e+10,0.090106,0.13628,0.315285,0.185399,0.622586,1.09529,0,5,0.0713579,0.0479156,5.84533,0
دالبر,60451823714332895,1.15211e+12,0.0909673,0.0346294,0.0677116,0.0650407,0.580775,0.842469,2,3,0.187387,-0.00458983,6.38,0
دامین,50100062518826135,3.96374e+11,0.0307942,0.0840909,0.207595,0.241379,0.874157,1.21463,1,4,-0.186762,-0.161493,0.449,0
داوه,5305844922895340,3.22237e+11,0.0918491,0.157318,0.331602,0.351657,0.289866,0.315679,0,5,0.504463,0.563141,6.74233,0
دبالک,71510396252618330,5.87247e+11,0.0156438,-0.016317,0.141312,-0.016317,0.677662,0.748188,4,1,-0.0932505,-0.219574,0.908667,0
دتماد,34641719089573667,2.9013e+11,-0.0259671,-0.0825291,0.0132304,-0.0305907,0.760778,0.984196,4,1,-0.104888,-0.176758,0.554333,0
دتوزیع,66726992874614788,2.09001e+11,0.0897098,0.155245,0.33441,0.278638,5.00901,2.77085,0,5,0.482511,0.467569,9.209,0
دتولید,18093681647131179,3.70836e+11,0.0909091,0.128779,0.30401,0.280813,0.234658,1.04867,0,5,0.0202778,0.0089682,7.49467,0
دجابر,33406621820337161,3.17494e+11,0.0793086,0.116976,0.294512,0.428027,1.31562,1.99508,0,5,0.157546,0.0778865,1.20567,0
دحاوی,43374709930371268,5.59676e+09,0.0474632,0.109185,0.24031,0.502347,1.7938,2.13986,0,5,0,-0.0366228,3.593,0
ددام,66450490505950110,2.48363e+11,0.0142744,-0.0376223,0.0134707,-0.0677843,0.737349,0.598896,4,1,-0.27885,-0.318435,0.337333,0
ددانا,69540585676934415,4.76148e+11,0.0205041,0.0170285,0.171653,0.132764,2.04613,2.79779,2,3,0.123732,-0.0227353,0.788,0
دپارس,70474983732269112,2.87829e+11,-0.0035521,0.00890563,0.0135926,-0.0613448,0.632703,0.607252,2,3,-0.182785,-0.153224,0.698667,0
دماوند,66142616039907394,1.72427e+11,0.0371212,0.044241,0.0277778,-0.0242338,0.818767,0.703859,1,4,-0.220918,-0.163132,1.29867,0
دهدشت,15374483986949695,2.05209e+10,0.00859951,0.0697068,0.220818,0.473968,3.52355,5.55557,1,4,0.340178,0.359741,7.283,0
دی,66416853783916493,1.60549e+12,0.0270893,-0.0315217,0.120755,0.294118,0.835147,1.37453,3,2,-0.244045,-0.20866,2.994,0
دیران,69090868458637360,3.61669e+11,0.0918367,0.101471,0.275255,0.218547,0.183046,1.60974,1,4,0.234097,0.164186,5.19533,0
رافزا,68941822863885255,1.31019e+11,0.0530829,0.116791,0.0925003,0.141582,1.69418,1.0679,1,4,0.343019,0.528237,16.5317,0
رانفور,40505767672724777,7.85098e+10,0.057732,0.0469388,0.0158416,-0.112457,0.639202,0.508194,1,4,0.125972,0.0275678,1.45633,0
رتکو,49854144784855542,1.95783e+10,-0.0335597,0.0163866,0.0708278,0.302639,0.764537,0.83603,2,3,0,4.15136e-06,1.571,0
رفاه,33410001534682920,9.40837e+09,0.0114382,0.0158192,0.0377068,0.142071,0.142842,0.231313,0,5,0,-0.159587,12.3333,0
رمپنا,67126881188552864,1.77625e+12,-0.0521092,-0.0544554,0.0402304,0.0516825,0.715953,0.806947,4,1,-0.0277525,-0.0222173,0.503,1
رنیک,33854964748757477,1.96699e+11,-0.0108696,0.0224719,0.0476974,-0.0659824,0.727294,0.74984,1,4,0.0706801,0.00464105,1.11233,0
رپویا,6905737326614124,7.92444e+10,0.0273294,0.0887534,0.239252,0.197466,1.52187,1.20033,1,4,-0.145152,0.0402081,6.003,0
رکیش,27952969918967492,4.10765e+10,0.0634029,0.00492984,0.102788,-0.0616147,0.845038,0.886517,2,3,0.146397,0.0812221,1.15767,0
ریشمک,6478064539164167,2.35574e+11,0.0916844,0.151209,0.316195,0.17566,0.316914,0.83867,0,5,0.332661,0.328656,3.13533,0
زاگرس,13235547361447092,3.34009e+11,0.0293567,-0.0283019,0.00671961,0.00856793,0.419578,0.824613,2,3,-0.0116538,-0.200872,0.95,1
بالاس,8646067353086740,1.00249e+11,0.00309853,-0.0370811,0.00956341,-0.0999073,0.543859,0.512159,4,1,0.00122207,0.000733242,0.777,0
بالبر,62952165421099192,5.35243e+10,0.020316,-0.00804682,-0.021292,-0.0269107,0.793077,0.628888,4,1,0.230519,0.152641,1.50567,0
بایکا,23891830829322971,7.51853e+09,-0.0254237,-0.0326755,-0.00697443,0.100884,0.439444,0.321243,4,1,0.157902,0.0947412,1.61833,0
بتک,54369290104873523,3.54541e+09,0.0496229,0.0405352,0.0818331,0.163732,1.50741,1.6122,2,3,0,0,1.072,0
بخاور,5599691633622269,5.26217e+10,0.0909091,0.15625,0.335338,0.34139,2.33433,2.71771,0,5,0.857061,0.773277,43.124,0
بزاگرس,29882244560576007,6.71386e+10,0.0896739,0.0765101,0.0794078,-0.0927602,1.04766,0.726984,2,3,0.408127,0.259794,2.22167,0
بزندگی,4341085373810698,6.10792e+10,0.0789096,0.141123,0.318026,0.595219,2.73676,2.7753,0,5,0.468335,0.443917,6.86067,0
بساما,41625340598198551,4.76014e+10,-0.00467914,-0.0119443,-0.0449006,0.157854,0.542596,0.517396,2,3,-0.594147,-0.730224,0.388333,0
بسویچ,47377315952751604,2.18917e+10,0.0367347,0.0367347,0.00594059,-0.0504673,0.713273,0.704324,1,4,0.152683,0.0827724,1.34733,0
بپاس,51971068201094874,1.2069e+11,0.0574713,0.0599078,0.0789679,0.106656,1.29977,1.11212,0,5,0.158987,-0.242633,0.899667,1
بپردیس,48780480822364410,4.50971e+09,-0.0149007,-0.00501672,-0.00568182,0.0308385,0.409315,0.310722,3,2,-0.789379,-0.766081,0.502333,0
بپویا,48517714910707769,1.10306e+11,-0.0162338,-0.00980392,0.0650264,-0.0130293,0.621309,0.754955,3,2,0.0128497,0.0159091,2.67433,0
بپیوند,64619251116188373,2.71977e+10,0.0261547,-0.0196704,0.046538,-0.0248546,1.13717,0.948332,3,2,0.0386214,0.0282931,12.0893,0
ساراب,4563413583000719,4.26344e+10,0.0788699,0.0450399,0.0426621,-0.0590349,0.399813,0.32755,2,3,0.296773,0.216606,1.182,0
ساربیل,34890845654517313,4.65022e+10,0.0611209,0.0239098,0.0961726,-0.00277223,2.57723,1.80907,2,3,-0.206583,-0.143481,0.605667,0
ساروج,25417476013479486,4.81546e+10,0.0134925,0.0234061,0.032241,-0.0507129,1.19492,1.06766,1,4,0.355865,0.259495,1.04767,0
ساروم,15949743338644220,3.33767e+11,0.0923889,0.0415268,0.14266,0.105029,0.53583,0.769944,2,3,-0.09649,-0.272232,3.37633,0
سامان,22312990497291517,6.85874e+11,0.0319588,0.0503673,0.158565,0.228221,0.540668,0.586303,1,4,-0.547795,-0.468979,0.333333,1
ساوه,32347247706508046,1.62858e+11,0.0893015,0.12204,0.188042,0.0458404,0.958531,0.914971,0,5,-0.254774,-0.116708,1.822,0
سباقر,61310599391543522,1.06342e+12,0.0456176,0.00221076,0.0979548,0.0705851,1.29983,1.63223,2,3,0.0485692,-0.0186891,0.716333,0
سبجنو,66295665969375744,8.0973e+10,0.0924441,0.132025,0.276914,0.196973,0.930661,0.812166,0,5,-0.0794079,-0.149223,2.60967,0
سبزوا,611986653700161,2.50807e+11,0.0911854,0.102919,0.0748503,0.3861,0.610726,0.731225,1,4,0.151413,0.13551,3.495,0
سبهان,32525655729432562,1.12257e+11,0.0718039,0.0569948,0.0755712,-0.0452418,0.820464,0.745569,1,4,-0.124102,-0.101222,1.12467,0
ستران,30829203706095076,3.54203e+11,0.0919238,0.0940789,0.246627,0.0749838,0.551792,0.577423,1,4,-0.108854,-0.185714,5.87133,0
سجام,28328083629154916,2.153e+11,0.0526316,0.00640439,0.0617761,0.10999,0.772664,0.833971,3,2,-0.154722,-0.180525,0.532,0
سخاش,4470657233334072,1.22709e+11,0.0821693,0.0485669,0.0857378,-0.0358712,0.608137,0.5057,2,3,-0.305966,-0.248625,0.876,0
سخواف,55959112038778737,5.72039e+10,0.0187793,-0.0369822,0.0187793,0.0300633,0.711764,0.669005,3,2,0.0125049,0.00750295,1.59467,0
سپ,71856634742001725,3.92794e+09,-0.0383251,-0.0497896,0.0119492,-0.0293696,1.11282,0.623121,4,1,-0.0365987,-0.237048,0.676667,0
سپاها,35669480110084448,2.50203e+11,0.0900858,0.033906,0.175835,0.0553761,1.38388,1.19913,2,3,-0.146085,-0.175348,2.41,0
سپید,45519261544951819,1.09371e+12,0.00509188,-0.0494137,0.082757,-0.0604305,0.591879,0.749115,3,2,-0.137128,-0.0932657,0.951,1
سپیدار,29590002988360984,6.36908e+10,0.0459433,0.0209924,0.0840932,0.0667996,0.40145,0.462001,3,2,-0.0133312,-0.206384,4.923,0
تلیسه,41781090739318251,2.50513e+11,-0.0371094,-0.0904059,0.0389884,-0.0609524,3.15812,2.39898,4,1,0.462208,0.19751,0.96,0
تماوند,60162288821230099,1.39982e+11,0.0229376,0.0295666,0.0465212,0.0905191,10.2901,6.19784,2,3,-0.0844621,-0.199892,1.37433,0
تمحرکه,22427604495160869,1.52767e+10,0.0912281,0.150432,0.0823666,0.100236,0.562093,0.551971,0,5,0,0,8.89333,0
تملت,11129387075131725,1.60969e+10,0.00183066,-0.0188256,0.0205128,0.00183066,0.848539,0.743144,4,1,-0.425168,-0.40474,1.46067,0
تنوین,25357135030606405,1.60133e+11,-0.0370832,0.00520494,0.160781,0.145293,1.57741,1.47871,2,3,-0.511604,-0.379897,0.462667,0
توریل,37389789764168256,1.22368e+11,0.074928,0.0687679,0.137195,0.0970588,1.13789,1.06004,1,4,0.26601,0.16287,1.586,0
تکاردان,52932092555708556,1.3404e+10,0.0706361,0.079821,0.0887552,0.0924528,0.752716,0.870569,0,5,0.146566,0.158818,14.7727,0
تکشا,62258804563636993,9.5419e+10,0.0236486,0.0630385,-0.040591,-0.10179,0.571453,0.582274,1,4,0.0165655,0.0158462,1.737,0
تکمبا,30719054967088301,5.06366e+10,0.0151339,0.0139535,0.0356295,0.0186916,0.548622,0.672969,2,3,0.0543358,0.00405135,1.61667,0
تکیمیا,14825677919842501,8.75159e+10,0.0834065,0.0925188,0.127455,0.262663,1.94051,2.27065,1,4,-0.0136899,0.0800545,1.85,0
تیپیکو,29758477602878557,1.17191e+12,0.0215353,-0.0183578,0.0659659,0.12682,0.630149,0.63264,4,1,-0.0852807,-0.239558,1.39433,1
ثاصفا,7503669593172728,1.19992e+10,0.0819849,0.0229475,-0.00397219,0.1359,1.52904,1.69847,2,3,0.0241131,0.0144679,1.628,0
ثامان,66456062140680461,3.39262e+11,0.0245131,0.0830671,-0.00748211,-0.249446,0.89475,0.637547,1,4,0.063002,0.133078,2.84033,0
ثباغ,68909035712962732,1.15584e+11,0.07911,0.14267,0.168675,0.144168,4.12843,3.31058,0,5,0.732913,0.743892,8.452,0
فاسمین,27181945356214752,3.2861e+11,0.0381862,0,-0.0724947,0.569264,1.57986,1.64977,2,3,0.231187,0.273746,1.698,0
فافزا,66021783818850713,4.02867e+10,0.0821501,0.0309179,0.0289296,0.0821501,1.21095,1.19734,2,3,0.456667,0.223761,1.801,0
فافق,22424135367941584,1.06356e+11,0.0904459,0.113858,0.193863,0.132275,1.61821,1.49275,1,4,0.471653,0.265082,2.65233,0
فاما,34673681828119297,1.26363e+11,0.0564972,0.0640114,0.206452,0.172414,2.09537,1.5753,1,4,0.0640318,0.0225508,0.736,0
فاهواز,44296315953738727,2.3349e+10,0.0201265,0.0395575,0.0674159,0.0584586,0.164297,0.125399,0,5,0.132315,0.0793891,13.9633,0
فبستم,4159532151694984,3.48565e+10,-0.0342548,0.00500313,-0.0195241,-0.173779,1.52072,2.24044,2,3,0.383417,0.26929,0.963,0
فبیرا,49399017998386087,2.05541e+10,0.0919149,0.0854484,0.106034,0.0338437,0.850963,0.846897,1,4,0.00346431,0.00207858,11.2227,0
فتوسا,55373808401388162,1.93331e+11,0.0890688,0.0964674,0.197329,0.251163,0.610871,0.875458,1,4,0.227352,0.149227,4.85867,0
فجام,30765727085936322,7.05986e+10,0.00517331,-0.0265531,0.123121,0.0258712,1.23548,1.14968,4,1,0.0372413,0.00241504,0.801667,0
فجوش,64485827086284311,6.19133e+09,0.0402194,0.0695489,0.0942308,0.253304,0.978093,1.12664,0,5,0,0,0.911667,0
فپنتا,68488673556087148,3.34234e+11,-0.0197242,0.0385474,0.135789,0.102045,1.61421,1.51951,2,3,-0.00643636,-0.0708745,2.751,0
ناما,10411249540376641,7.61428e+10,0.0889371,0.154023,0.290488,0.154023,1.99268,1.83281,0,5,0.665751,0.494676,22.5207,0
نبابک,65378630011538741,6.4642e+10,0.0425287,0.0353881,0.153944,0.0330296,0.82023,0.533396,1,3,-0.00180654,0.0058783,4.92567,0
نتوس,22950683624908253,1.12851e+10,0.0192308,0.043708,0.0848727,0.351368,0.14413,0.193135,0,5,0,0,9.08333,0
نخریس,46878429508891351,1.12795e+11,0.0328872,0.0150319,0.160223,0.362078,1.40266,1.37601,2,3,0.106255,-0.0846444,3.62833,0
نمرینو,30231789123900526,5.52723e+10,0.0444685,0.07,0.211321,0.454134,1.0623,2.16438,0,5,0.0186329,0.0371033,0.652,0
نوین,59866041653103343,1.08774e+11,-0.0243386,-0.0807577,-0.20654,-0.0243386,0.758105,0.792876,4,1,-0.12378,-0.322933,0.741,0
نیان,20652241232631918,1.07633e+11,0.0833333,0.0639386,0.185185,0.146006,0.96405,0.955746,1,4,0.444728,0.244752,15.1797,0
نیرو,39481233087768672,4.36097e+10,0.0908373,0.109237,0.126492,0.0505389,0.54798,1.35088,1,4,0.360707,0.407231,1.59667,0
درهآور,13243992182070788,1.30223e+11,0.00618982,0.000683995,-0.00204638,-0.129685,0.702866,0.876717,2,3,0.0361553,0.16173,1.17333,0
دروز,40262275031537922,4.66568e+10,0.0921409,0.158046,0.336896,0.560671,0.179879,0.180141,0,5,0.828522,0.639421,6.496,0
دزاگرس,43450146028916610,8.19635e+11,0.0919842,0.158188,0.341404,0.315914,3.54457,2.20016,0,5,0.271429,0.330042,6.182,0
دزهراوی,8915450910866216,2.28125e+11,0.0838207,0.0880626,0.185501,0.22467,0.512948,0.74904,1,4,0.0614297,-0.0173245,1.41967,0
دسبحا,43622578471330344,7.14819e+11,0.0893372,0.0341997,0.179407,0.08,0.543358,0.792413,2,3,0.268077,0.109904,3.627,0
دسبحان,5866848234665627,8.76265e+11,0.0921569,0.12753,0.305214,0.332536,0.263732,1.13223,0,5,0.324011,0.205949,3.351,0
دسینا,11432067920374603,1.16421e+11,0.0329183,-0.0260645,0.1125,0.0886245,0.738654,1.05589,3,2,-0.511811,-0.555238,0.412333,0
دشیری,63084741752814852,3.12133e+10,-0.0409528,-0.0120534,0.113267,0.258914,1.49095,1.41547,3,2,0.330263,0.133387,1.459,0
دشیمی,33603212156438463,1.22137e+11,0.0689482,0.0121515,0.0350877,-0.162791,0.541936,0.946572,2,3,0.233664,0.0825829,1.88167,0
دعبید,49054891736433700,1.48938e+12,0.0361321,0.00500668,0.160756,0.227477,1.24507,1.83503,3,2,0.0681846,-0.0662181,0.514333,1
دفارا,56550776668133562,1.03631e+12,-0.0250915,-0.082185,0.0264172,0.0761685,2.46335,1.65541,4,1,0.156638,-0.146413,0.592667,0
دفرا,18303237082155264,1.21909e+11,0.0390131,-0.00364004,0.0514298,-0.0104439,0.621535,0.532927,3,2,0.00578714,0.102919,0.899667,0
دقاضی,46801030346547943,3.18256e+11,0.0755187,0.0289798,0.17179,0.137341,1.3152,1.65913,2,3,-0.0116732,-0.0941136,0.673,0
دلر,4384288570322406,4.10596e+11,0.0412193,0.00906344,0.127955,0.146453,1.06637,1.14584,3,2,-0.335623,-0.409123,0.511,0
دکوثر,23353689102956991,4.91245e+11,-0.0118402,-0.0640187,-0.000499002,0.0346074,1.00471,0.861589,4,1,-0.201412,-0.163515,0.841,0
دکپسول,52382684379473036,2.08759e+11,0.0110787,-0.0241981,-0.046729,0.00347222,0.865873,0.819562,3,2,0.0379564,0.0677483,0.638667,0
دکیمی,20024911381434086,1.00852e+11,0.0924219,0.156967,0.339155,0.529501,1.02445,1.0982,0,5,0.481534,0.375356,1.21133,0
وفردا,36235343945196457,3.39939e+10,0.0300102,0.092233,0.214757,0.312378,2.14818,2.57598,1,4,0.364411,0.574959,2.568,0
ولانا,66830065858417081,3.55935e+10,0.0895833,0.0376984,-0.0421245,0.149451,0.170596,0.303851,2,3,-0.216337,-0.126782,1.09767,0
ولتجار,50011948410571353,6.82479e+10,0.00647249,-0.0460123,0,-0.0220126,1.35673,1.14361,3,2,-0.0157865,-0.0306103,1.049,0
ولراز,12901875871456398,4.3935e+10,0.0902896,0.151079,0.322314,0.636829,0.0715226,0.329653,0,5,0,-0.0225189,5.25,0
ولشرق,31078457170311964,1.78728e+11,0.0906801,0.130548,0.282963,0.714851,0.493649,1.30081,0,5,0.498587,0.319448,7.60233,0
ولصنم,71744682148776880,6.55729e+10,0.0638978,0.0571429,0.0673077,0.0373832,0.686639,0.591915,1,4,0.216605,0.159098,4.86167,0
ولغدر,23086515493897579,9.62496e+10,0.0888325,0.153226,0.144,0.114286,2.17725,1.74737,0,5,0.794416,0.828598,3.932,0
ولپارس,48241092863917835,5.76808e+10,0.088785,0.153465,0.229551,0.131068,2.68924,2.51776,0,5,0.758798,0.771262,76.865,0
ولکار,61469668095573716,6.11598e+10,0.0905588,0.0780952,0.152749,0.0309654,2.07817,1.73128,1,4,0.75035,0.478681,56.0117,0
وکبهمن,64973252728260903,5.4042e+10,0.0900901,0.141509,0.263708,0.315217,0.861876,1.27099,0,5,0.254966,-0.0106847,390.389,0
وگستر,43951910415124966,1.14661e+11,-0.048976,-0.104027,-0.0174793,0.126582,0.521263,0.609838,4,1,-0.261234,-0.299033,0.474667,0
نیشکر,52587750999094180,9.26306e+10,0.0206807,-0.0300217,0.0522075,-0.0923834,0.378184,0.629284,4,1,0.207246,-0.044337,6.11433,1
هجرت,5317427172344706,3.73755e+11,-0.0219436,-0.0157729,0.137303,0.138686,1.71547,2.63014,2,3,-0.0570273,-0.0691263,0.556,0
همراه,68635710163497089,3.14007e+11,0.0892857,0.0614125,0.084728,0.0107212,1.14725,0.805045,2,3,-0.155064,-0.259592,6.485,1
وآذر,1358190916156744,1.24957e+11,0.085906,0.0815508,0.147518,0.123611,0.782681,0.951659,1,4,0.0256545,-0.0542015,2.073,0
وآرین,24212636157410845,3.35713e+10,0.029361,0.0265243,0.0947832,0.0340042,0.92922,0.786992,2,3,-0.186348,-0.0524536,1.96733,0
وآفر,45991797190214892,2.91528e+10,-0.004662,0.00707547,0.0322321,0.0586777,0.965849,1.01177,3,2,-0.092167,-0.00875791,0.946333,0
وآفری,589599697502308,2.07857e+10,-0.0525188,-0.107071,-0.0338798,0.0612245,1.47383,1.33847,5,0,-0.230561,-0.140925,0.375,0
واتی,33541897671561960,2.84202e+11,0.0480226,-0.00934579,0,-0.00802139,1.262,0.964083,2,2,0.179547,0.20218,0.825333,0
واحصا,53647874954005806,4.43561e+10,0.0508621,0.0867756,0.214143,0.31405,1.01338,1.03449,0,5,0,0.0605445,0.929,0
وارس,53686258677793038,8.53116e+10,0.0692792,0.0574394,-0.0694275,0.0317353,0.258141,0.257875,1,4,0.198844,-0.0300661,8.9579,0
واعتبار,47841327496247362,4.63407e+10,0.0321716,0.0349462,0.084507,0.25244,1.04386,0.878602,2,3,0.0890833,-0.0212151,2.02867,0
وامید,52232388263291380,3.9959e+11,0.0207612,-0.0166667,0.0225303,-0.00505902,0.755361,0.75714,2,3,-0.115394,-0.155367,0.73,1
آلومینا,18661507395759423,2.96923e+11,0.0921798,0.158253,0.319489,0.195122,0.166013,0.345086,0,5,0.247028,0.29109,35.3127,1
آواپارس,17403065366457237,7.43771e+09,5.0023,5.31343,6.07777,7.16513,4.28647,2.88355,0,5,0.0886336,0.0328318,6.01067,0
آینده,17933573078185644,3.31858e+09,0.0425101,0.0640496,0.134361,0.262255,2.30534,1.50651,0,5,0,0,8.83333,0
استقلال,22259718159702272,1.25484e+10,0.0540541,0.0864286,0.185503,0.266445,0.269665,0.442293,0,5,0,0,11.219,0
اعتلا,36773155987365094,2.91448e+10,0.0182901,0.0239521,0.0630551,-0.0164339,1.6489,1.14832,2,3,-0.0145396,-0.00277513,1.11833,0
افرا,52792903131341205,2.95862e+11,0.0831354,0.0212766,0.0567787,-0.110244,0.313921,0.281676,2,3,0.213426,0.141425,7.04267,0
افق,49502666250908008,4.5478e+11,0.0823174,0.13968,0.301829,0.191311,1.49658,1.63529,0,5,0.0268539,0.07362,0.667,1
البرز,70270965300262393,3.60253e+11,0.0821114,0.135385,0.305271,0.512295,1.35572,1.11886,0,5,0.436313,0.428377,3.636,0
امید,18599703143458101,2.13032e+10,0.059322,0.0330579,0.083815,-0.015748,0.893337,0.659246,2,3,0.0990838,-0.0848868,2.29533,0
امین,58873907630765023,1.75178e+10,0.0264003,0.0038381,0.0743092,0.0315525,1.52326,1.20965,3,2,0.0271658,-0.138552,13.0737,0
انرژی,49641108336531623,6.20235e+11,0.0858192,0.045053,0.10149,-0.0315186,0.499295,0.529424,2,3,0.296126,0.0874069,2.33633,0
اوان,69847139870135237,7.3655e+10,0.00758621,0.0664234,0.0473118,-0.0676452,1.36766,1.10946,1,4,-0.00258773,0.00281806,1.39167,0
باران,26882843763780650,1.06462e+10,0.0737636,0.138667,0.164193,0.493236,0.352678,0.438507,0,5,0.82913,0.870557,72.8917,0
بازرگام,47797676603278665,2.78811e+11,0.0737018,0.122592,0.223282,0.48037,0.8523,1.02237,0,5,0.133928,0.172587,1.26167,0
وصنا,46982154647719707,1.26758e+11,0.0475483,0.0491071,0.184874,0.131621,0.57438,0.763055,1,4,-0.24408,-0.23651,0.983667,0
وصندوق,37204371816016200,8.30746e+11,0.00242803,0.0262784,0.187346,0.144554,1.1384,1.19151,1,4,-0.103275,-0.0434572,0.784667,1
وصنعت,57309221039930244,4.25981e+10,0.0713043,0.0540726,0.105925,0.0921986,0.796168,0.768388,2,3,0.0582155,0.0541215,1.432,0
وطوبی,3955332316338258,1.68115e+10,0.0247738,0.0649953,0.0453722,0.209471,0.818763,1.06938,1,4,0.11028,0.0378299,1.53533,0
وفتخار,27148572013604038,5.24578e+10,-0.0289389,0.0129372,0.0880082,0.236257,0.796804,0.839447,2,3,-0.0480045,-0.022547,0.901,0
ولنوین,5968811612822747,4.51045e+10,0.0442478,0.102804,0.245164,0.153094,1.2665,0.980745,1,4,0.308089,0.447296,28.2947,0
ولیز,56802926348928053,6.68571e+10,0.0763889,0.0544218,0.115108,0.351744,0.659799,0.893889,1,3,-0.118466,0.0486051,3.22533,0
ومدیر,30447901674051381,6.58192e+10,0.083871,0.083871,0.173184,0.130932,1.37777,1.29963,1,4,0.296793,0.112398,8.11933,0
ومشان,35369183060321179,5.8791e+10,0.0922293,0.158649,0.33054,0.655212,0.502729,0.473949,0,5,0.141101,0.197095,1.01533,0
ومعلم,6847536925606808,2.77325e+10,0.0120846,0.0276074,0.0244648,-0.0509915,1.49571,1.13578,2,3,0.222286,0.138283,1.52333,0
وملت,10055255678920880,6.62258e+08,0.0191489,0.0345572,0.0620843,0.12178,0.815997,0.865989,0,5,0,0,9.111,0
وملی,41796741644273824,1.49713e+11,0.0633599,0.0444523,0.081768,0.0641304,0.712339,0.720338,2,3,0.185646,0.0415175,1.27867,0
ومپنا,19074684560939209,2.51357e+11,0.0162658,0.0240074,0.0660899,-0.0346028,0.481724,0.443508,3,2,-0.340966,-0.395465,1.799,1
ونفت,33931218652865616,3.45281e+11,0.0363825,-0.0206287,-0.0522814,0.0320911,0.406574,0.52285,3,2,-0.0174339,-0.0513256,0.957,0
وهامون,19348717261145458,4.79451e+10,0.0427611,0.000586166,0.0563119,0.0258413,0.587331,0.872407,2,3,-0.00756029,-0.0537525,2.552,0
وهنر,60783654574662426,4.12839e+10,-0.00609756,0.016632,0.118993,0.101351,0.505653,0.611711,1,3,-0.0236792,-0.0300071,1.19267,0
ویسا,69472361926040823,2.59168e+10,0.0902778,0.0940767,0.250996,0.268687,0.401277,0.932394,1,4,0.278214,0.0908951,1.49867,0
تاتمس,35543935713999309,7.51912e+09,-0.0571429,-0.111702,-0.151166,-0.184229,7.92846,3.86319,5,0,0.0358571,0.221514,0.439,0
تاصیکو,23293437377896568,4.40692e+12,0.0922879,0.154933,0.338689,0.634674,0.136283,2.48146,0,5,0.65523,0.579709,3.497,1
تاپکیش,50002340308486819,1.27606e+11,0.0137291,0.0747443,0.130795,-0.01443,1.05653,1.4739,1,4,0.0773687,0.0446741,1.24033,0
تایرا,19298748452450329,1.67846e+11,0.0549133,0.0369318,0.169872,0.15873,0.985086,1.06657,1,3,-0.177817,-0.211545,0.945,0
تبرک,53204330224889981,4.29056e+10,0.0827618,0.0793072,0.237846,0.0543188,1.56668,1.45945,1,4,0.00141577,0.00376003,1.117,0
تشتاد,66127247173352975,1.27522e+10,-0.0110497,-0.0677083,0.0127298,0.269504,2.59064,1.64477,4,1,0,0,1.29333,0
تفارس,31400839654504249,6.7887e+10,0.0912106,0.0882029,0.0511182,0.0270552,0.908974,0.751938,1,4,0.417913,0.244476,9.624,0
تفیرو,45062188442385800,1.078e+09,0.0317132,0.0727599,0.156045,0.39664,0.583394,2.47148,0,5,0,0,2,0
تپسی,3839324986781871,4.016e+10,0.0359926,0.0603874,0.124446,0.264493,0.416428,0.465952,0,5,0.694467,0.757182,19.3633,0
تپولا,22308305646551497,1.70817e+10,-0.0625621,-0.0699507,-0.00683851,0.00639659,2.38574,2.17411,4,1,0,0,1.01933,0
غشوکو,51294484197536070,5.82485e+10,0.0577367,0.115702,0.106719,0.181896,0.954746,0.688607,1,4,0.0955575,0.103148,2.71633,0
غفارس,16410724132711490,1.64552e+11,0.0640209,0.109668,0.283817,0.397641,1.12787,1.30259,0,5,0.000469872,-0.0786498,0.783,0
غمایه,59461185672081215,7.88713e+10,0.0919985,0.158262,0.196527,0.155419,2.54731,1.34087,0,5,0.459222,0.450203,13.2683,0
غمهرا,6131290133202745,2.57494e+11,0.0906555,0.0668486,0.190259,0.226346,0.285447,0.569721,1,4,0.0174606,-0.189043,1.09833,0
غمینو,5516102131364383,3.06834e+11,-0.0104275,-0.0155602,0.13789,0.121749,0.997521,1.59571,3,2,-0.00187352,-0.0182744,0.746333,0
غنوش,48619517949257749,5.76284e+11,0.0250522,0.0868843,0.167658,0.055914,0.638679,0.464696,1,4,0.0679803,0.00081726,0.919,0
غنیلی,21426277483799140,2.14225e+10,0.078712,0.0578947,0,0.0864865,0.657678,0.750931,1,4,0.228876,0.137326,8.06033,0
غویتا,37842793167868642,2.87668e+11,0.0907821,0.151917,0.328231,0.237718,0.490224,1.10673,0,5,-0.381674,-0.260023,2.689,0
غگرجی,31024260997481994,4.09374e+10,-0.0356295,0.015,0.150142,-0.0240385,2.00368,1.50485,2,3,-0.216501,-0.14174,0.757,0
غگز,57551382352708199,2.56203e+11,0.028481,-0.0151515,0.0726073,-0.146982,0.961105,0.871361,3,2,0.288404,0.172185,0.869,0
غگل,22299894048845903,1.82404e+11,0.0877915,0.145954,0.287338,0.164464,1.73924,1.77605,0,5,0.0447437,0.0822173,1.56833,0
غگلستا,64843936383937546,1.21527e+11,0.0922409,0.147662,0.325214,0.12521,0.711414,1.0425,0,5,0.360076,0.240701,9.16167,0
غگلپا,14312030900097668,1.0297e+11,0.0268877,0.0368167,0.19554,0.201724,1.49631,1.60655,2,3,-0.243936,-0.0937462,0.618667,0
غگیلا,57300230097485720,5.78253e+10,-0.000233918,0.0602828,0.21386,0.575378,4.04176,2.78617,1,4,-0.1418,0.142389,1.09267,0
شاروم,3407806799514469,1.75058e+11,0.00919238,0.00654879,0.0350168,-0.00324254,0.921779,0.917656,2,3,0.069961,0.0694805,2.795,0
شاملا,16959429956899455,2.56316e+11,0.0897025,0.110023,0.173195,0.199194,0.925422,1.02309,1,4,0.0574809,-0.14769,7.714,0
شبصیر,68517032834363488,3.07944e+11,0.09125,0.0448833,0.117798,0.17973,0.625303,0.763567,2,3,0.315961,0.22665,1.45433,0
شتوکا,38555056423456635,2.45022e+11,0.0484891,0.110946,0.266553,0.623504,3.00918,2.57754,1,4,0.202735,0.194572,19.2163,0
شجم,6116572045021585,1.27595e+11,0.0801257,0.144879,0.322115,0.312023,1.25893,1.2419,0,5,0.458937,0.281521,10.9373,0
شپارس,61102694810476197,1.81797e+11,0.0878244,0.180079,0.347898,0.227017,0.961255,1.91461,0,5,0.309636,0.0426671,9.69,0
شپاس,35178706978554988,1.61574e+11,0.0912006,0.0455157,0.194908,0.141539,1.16747,0.996797,2,3,0.227191,0.110597,3.57067,0
شپلی,28845264556937486,5.44532e+11,0.0189983,-0.0390879,-0.106061,-0.106061,2.69281,1.65596,3,2,0.0312111,-0.0580497,0.967667,0
کخاک,16405556680571453,1.68081e+11,0.092544,0.158869,0.343069,0.482544,0.12995,0.139074,0,5,0.820305,0.821016,10.594,0
کدما,3623921205367364,1.59451e+11,0.0587077,0.0361514,0.107169,0.0541912,0.76459,0.890431,1,4,0.00864342,-0.0509996,1.12467,0
کربن,11326461864120062,1.37811e+11,0.0912907,0.0505051,0.0878661,-0.00287632,1.23131,1.1645,2,3,0.334566,-0.00365652,5.01367,0
کرماشا,38437201078089290,9.23335e+11,0.0575935,0.0256137,0.031854,0.0270752,0.55041,0.541337,2,3,0.0880956,-0.000179325,1.703,1
کساوه,25001509088465005,2.31774e+11,0.0348603,0.0835596,0.244198,0.306182,0.477172,0.796959,1,4,-0.247437,-0.211039,1.84833,0
کساپا,28325731560106431,4.29021e+10,0.0306407,-0.0080429,0.0882353,0.00271003,0.559609,0.586129,3,2,0.231484,0.137919,2.87233,0
کسرام,20560887114747719,1.04276e+11,0.0843447,0.0856622,0.252278,0.237535,1.12282,1.10122,1,4,-0.0581677,-0.0162112,0.802,0
کشرق,42690477960659940,1.31688e+10,0.0743982,0.12357,0.2275,0.0344101,0.764193,0.695301,0,5,0.0578487,0.0505112,1.58567,0
کصدف,42696242981550091,6.51119e+10,0.0283505,-0.0208589,0.116084,-0.0220588,1.08769,1.03904,2,3,-0.0660447,-0.0796278,0.964,0
کطبس,8977369674477111,8.06123e+10,0.0920938,0.158525,0.335813,0.456547,4.91364,2.76212,0,5,0.298077,0.357078,0.832,0
کفرا,23837844039713715,3.12659e+11,0.0724638,0.0528455,0.21028,0.0380762,1.42317,2.30237,1,4,0.189354,0.0918264,3.573,0
کفپارس,19471788163911687,1.11103e+11,0.0913174,0.155309,0.320652,0.199013,0.108832,0.181935,0,5,0,0.0214982,14.4287,0
حتاید,3722699128879020,3.52783e+11,0.0255428,-0.0325301,-0.0695249,-0.0371703,0.52012,0.866425,3,2,-0.082009,0.0548718,0.911,0
حتوکا,22260326095996531,1.16866e+11,0.0585086,0.0528718,0.0804059,0.0778816,0.404324,0.635328,2,3,0.254025,0.0156227,2.625,0
حخزر,28253678449273505,3.10936e+11,-0.0128983,0.0441413,0.207985,0.44235,2.97789,2.82816,2,3,-0.0537275,0.134884,0.604333,0
حرهشا,30443839313522574,1.30708e+10,-0.0361282,-0.0634813,-0.0908182,-0.127174,2.07008,1.28987,5,0,-0.288955,-0.217748,0.577333,0
حریل,5564768007356822,3.98366e+10,0.0563532,0.00649795,0.0348101,-0.0536977,0.945277,1.00135,2,3,0.087329,0.0509496,1.707,0
حسینا,1625149423498289,2.76014e+11,-0.0138815,-0.0713927,-0.00965147,0.0016269,1.50754,1.0842,4,1,0.131441,-0.0852195,0.786667,0
حفارس,35424116338766901,4.65047e+11,-0.0419652,-0.019103,0.0875162,0.267319,1.47556,1.42757,2,3,-0.352213,-0.37243,0.526333,0
حکشتی,60610861509165508,1.02622e+12,0.0472155,0.0434258,-0.0249022,-0.0544506,0.739535,0.838998,2,3,-0.135423,-0.089939,1.33533,1
حگردش,53334304751609770,4.72897e+10,0.0633835,0.016565,0.0406069,-0.0222222,0.832988,0.786999,2,3,0.130894,0.0785365,1.56467,0
حگهر,47756003257788498,5.30103e+10,0.05354,0.0360236,0.0520577,-0.053481,0.705253,0.467028,2,2,0.121158,0.121869,2.02267,0
خبازرس,19310456400689867,7.02846e+09,0.0710347,0.0955541,0.190339,0.127732,1.00569,1.00763,1,4,-0.0476585,-0.0451211,2.412,0
فرود,51017863148152520,1.40006e+11,0.0916256,0.145812,0.325359,0.178723,1.70427,1.67871,0,5,0.680229,0.411914,33.8753,0
فروژ,69817338460284329,1.75388e+11,-0.0193396,-0.0626691,0.0281899,0.372277,1.46658,2.09827,4,1,0.0324996,-0.0316912,1.02433,0
فزر,8175784894140974,8.02052e+12,0.0919158,0.158297,0.309429,0.514593,1.07239,0.660836,0,5,0.308937,0.193149,1.46633,1
فسا,318005355896147,1.6998e+09,0.0436242,0.0798611,0.17064,0.301255,0.509077,0.525296,0,5,0,0,9.94433,0
فسبزوار,37284308569715577,5.84139e+11,0.0924751,0.15077,0.311922,0.226463,0.581469,0.901727,0,5,0.805005,0.390222,36.1573,1
فسدید,20966291817819448,6.00156e+10,-0.0748082,-0.128838,-0.0282069,0.30009,3.10555,1.74699,5,0,0.00533087,0.00319852,0.653,0
فسوژ,56375665074210467,1.27472e+12,0.0923501,0.145231,0.325251,0.335862,0.57787,1.01282,0,5,0.29822,0.130278,5.58867,0
فغدیر,28147934478934110,1.09653e+11,0.0913043,0.156682,0.336884,0.780142,1.62625,1.29491,0,5,0.514057,0.468687,24.0743,1
فکمند,70309338813767186,2.88771e+10,-0.0213115,-0.0486056,-0.0229133,-0.056872,1.4137,1.01109,4,1,0,0,0.733667,0
ختور,50185721305191887,3.47661e+11,0.0218341,0.04,0.19084,0.337143,0.896792,1.17391,2,3,-0.0582011,-0.0749149,1.71267,0
ختوقا,70289374539527245,1.27797e+11,0.0506108,0.0807899,0.194444,0.0397237,0.712061,0.907151,0,4,0.031261,0.0379468,1.85833,0
خراسان,43552974795606067,2.73679e+11,0.0891585,0.037037,0.0995334,-0.0783771,1.39722,1.28726,2,3,0.0143846,0.00934766,2.80567,1
خرینگ,45895339414786358,1.52099e+11,0.0867888,0.151175,0.308943,0.45232,0.941401,0.951947,0,5,0.320802,0.210667,4.56833,0
خشرق,63915926161403347,8.69701e+10,0.00306748,0.0414013,0.180505,0.0788519,0.825364,0.946727,1,4,0.0442913,0.103586,1.039,0
خعمرا,6433335428452486,1.79855e+10,-0.0438596,-0.097931,-0.10411,0.102867,0.604569,0.4867,4,0,0,0,0.965667,0
خفناور,58180284328186631,2.56739e+10,0.00961538,-0.027027,0.108179,-0.0086546,0.454484,0.790952,4,1,-0.10569,-0.0392132,1.183,0
خفولا,23049019886587905,4.37181e+10,0.091706,0.089502,-0.0048336,0.0533633,0.832128,1.04667,1,4,0,-0.0188951,3.25733,0
خپویش,4758266259250794,1.06862e+11,-0.0492063,0.00672269,0.160853,0.4975,5.59872,3.55713,3,2,-0.153962,0.240102,0.724667,0
خچرخش,33783140337377394,1.69855e+10,0.048242,0.0665557,0.168642,0.158608,4.16767,2.75083,1,4,0.285523,0.185723,2.30933,0
لخانه,56006915451245411,3.78056e+10,0.0921173,0.15792,0.34027,0.765185,1.98188,1.88601,0,5,0.500375,0.333022,1.09411,0
لخزر,65414507129586385,9.61174e+10,0.0107066,-0.0146138,0.026087,0.0194384,0.555826,0.494528,3,2,-0.00294429,-0.0562144,0.622333,0
لسرما,55897939403232751,6.62817e+10,0.0382775,-0.00610687,-0.0369822,-0.0713267,0.628072,0.674736,3,2,-0.108117,-0.0765851,1.14867,0
لطیف,16422980660132735,7.33541e+10,0.088729,0.0966184,0.250689,0.161125,0.228898,0.505222,1,4,0.480883,0.263895,57.671,0
ما,29860265627578401,4.28352e+10,0.0481283,0.0798898,0.0481283,-0.0125945,0.656214,0.535829,0,5,-0.39967,-0.280745,1.185,0
مارون,53449700212786324,5.61961e+11,0.020429,-0.0338491,0.112885,0.491787,1.25468,1.70295,3,2,-0.20579,-0.215041,0.495333,1
محتشم,46934177065273437,5.13007e+11,0.0920771,0.153194,0.231141,0.550152,0.591935,0.457487,0,5,-0.0270916,0.0133726,2.94433,0
مداران,65999092673039059,4.90325e+10,-0.0108108,-0.0663265,0.00439078,0.339678,1.13389,1.30527,3,2,-0.554366,-0.685565,0.517667,0
مدیریت,12490072956930435,1.83478e+10,0.0521042,0.0194175,0.119403,0.0649087,1.59428,1.08854,2,3,0.400944,0.0694192,33.8443,0
معین,24253947487334809,1.39574e+11,0.0141243,0.0198864,0.146965,0.169381,1.32003,1.52042,2,2,0.433476,0.220055,8.43533,0
مفاخر,4247709727327181,1.132e+11,0.0916667,0.130122,0.134199,0.502868,0.0585373,0.312819,0,5,0.0927673,0.240963,15.051,0
ملت,13611044044646901,5.6932e+10,0.0907738,0.152516,0.327899,0.720657,0.669785,0.835535,0,5,0.335752,0.306102,2.73967,0
ممسنی,7505990056227818,3.28306e+10,0.0531401,0.116517,0.291852,0.681774,0.923508,0.838272,1,4,0.0645054,0.0279596,2.47533,0
ثتران,20926459161497908,7.7469e+10,0.090715,0.156109,0.290404,0.250918,0.648362,0.957096,0,5,0.45948,0.272668,23.1197,0
ثتوسا,47702059190622416,5.3951e+10,-0.00654879,-0.0583489,-0.0130124,-0.0970238,0.523964,0.519455,4,1,0.029202,0.0092785,1.17467,0
ثجنوب,60887982279284651,2.40979e+11,0.0711136,0.0183438,0.0373732,0.0848688,0.54869,0.528421,2,3,0.126931,0.113047,1.66133,0
ثجوان,30507152381699953,2.9427e+10,-0.0147256,-0.0675676,-0.104986,0.0876847,0.425277,0.415238,4,1,-0.0989657,-0.0910459,1.35833,0
ثرود,18883380772506226,1.06587e+11,0.0800681,0.0376432,-0.0139969,0.0584307,0.711222,0.845126,2,3,0.000887412,0.00020297,1.282,0
ثزاگرس,28854105556435129,5.47937e+10,-0.00843486,-0.00750469,-0.0416667,-0.101868,0.633987,0.693248,3,2,0,0,0.772,0
ثشاهد,63481599728522324,5.05529e+11,0.0884956,0.0827465,0.0482872,0.0912423,0.531054,0.815699,1,4,-0.0627006,-0.0211084,2.01767,0
ثعتما,64707090254488560,1.56092e+10,-0.0830552,-0.0956299,0.0116588,0.242089,0.559147,0.936895,4,1,0,-0.0453258,1.20167,0
ثعمرا,15726796686853780,3.02168e+10,0.0365014,-0.00594452,0.00333333,-0.0498737,0.928461,0.865977,3,2,-0.0297331,-0.0596933,1.26767,0
ثقزوی,12965822877128721,3.12626e+10,-0.0149533,0.00419207,-0.0882353,-0.0305372,1.18827,1.71433,3,2,-0.0328736,-0.00667869,1.07967,0
ثنام,831325835570803,2.68538e+10,0.0728814,0.0866953,0.126836,0.266633,0.359635,0.63139,0,5,0.0517554,0.238154,2.78767,0
ثنظام,45066064863062755,1.28892e+10,0.0923947,0.154664,0.301483,0.083001,4.07504,4.30046,0,5,-0.284469,-0.160885,1.127,0
ثنور,63315013743060811,3.14462e+10,0.0792079,0.0776836,0.0915594,0.055325,0.915173,0.826079,1,4,-0.0919432,0.0116921,3.094,0
ثپردیس,53999651992586159,2.38485e+11,0.0625,0.0268456,-0.0496894,0.0110132,0.417677,0.559464,2,3,-1.93195e-05,-0.0867006,1.15567,0
خلیبل,50117925085549635,4.70975e+09,-0.034897,-0.0606904,-0.00118413,-0.126359,1.36273,1.18488,3,2,0,0,1.32867,0
خمحرکه,39436183727126211,1.36327e+11,0.0858086,0.0930233,0.128645,0.0612903,0.813766,0.986427,1,4,-0.0108113,-0.00948169,1.895,0
خمحور,7457232989848872,4.68842e+10,0.0812274,0.0620567,0.140952,0.0851449,0.524092,0.521145,1,3,-0.20862,-0.125172,1.013,0
خنصیر,17834623106317041,5.59292e+10,0.0150215,0.0653153,0.148058,-0.016632,1.53987,1.47678,1,4,0.0308684,0.0404938,0.854,0
خنور,33716211077781594,1.46681e+11,0.0831409,0.143902,0.202564,-0.00212766,0.928783,1.02719,0,5,0.44609,0.323294,12.8957,0
خودکفا,22956708386610464,1.85531e+11,0.0210035,0.0729614,0.239377,0.0709914,1.65284,2.02393,1,4,-0.121241,-0.0353805,1.08267,0
خوساز,31879190587976736,5.13297e+10,0.0256539,0.0277218,0.14422,0.0521156,1.00219,1.27078,2,3,-0.0304127,0.0427059,1.38133,0
خکرمان,58482817740704549,4.39494e+11,0.022787,0.00777202,0.0410348,0.231013,0.903601,0.970763,2,3,-0.0853219,-0.0176741,0.716,0
دابور,61332057061846617,3.97172e+11,0.0349599,-0.0220234,0.0516578,0.172636,0.767511,0.999039,3,2,0.100147,0.00654747,1.54567,0
داتام,68863997659126807,5.45224e+10,0.0887097,0.0331633,0.0602094,0.00997506,2.60088,1.79538,2,3,0.680065,0.396079,45.363,0
زبینا,54482686501491508,2.05042e+11,0.0764075,0.0170994,0.120726,0.0565789,0.847231,0.882936,2,3,0.133769,-0.0237584,1.246,0
زدشت,25180702353416009,1.40731e+11,0.0125786,-0.025227,0.0420712,-0.038806,0.719796,0.927347,3,2,-0.316832,-0.237277,0.587667,0
زشریف,26547785441834730,1.04847e+11,0.0210697,-0.0357143,0.0418964,0.0249458,0.41078,0.571743,3,2,-0.128517,-0.261872,0.750667,0
زشگزا,26259366519412975,2.09287e+11,0.0227541,0.00786255,0.0825774,0.0472012,0.756485,0.688576,2,3,-0.0978152,-0.15984,0.724667,0
زفارس,9155145921347611,1.06581e+11,0.0289738,0.0436735,0.142028,0.0256719,0.955573,0.805688,1,4,0.197432,0.136148,2.599,0
زفجر,36844527173896115,1.36314e+11,0.0301318,-0.0204155,0.0689857,0.055577,1.0254,0.993046,3,2,0.00404435,-0.0870671,1.50333,0
زقیام,71290297158948749,1.39716e+11,-0.034142,-0.0905245,-0.0110396,-0.0520282,2.88668,1.88,4,1,0.210352,-0.111173,0.882,0
زماهان,4507558419857064,1.31503e+11,-0.0155039,-0.0702782,0.0250202,-0.0902579,1.32998,1.06308,4,1,0.0291041,-0.0517533,0.882333,0
زمگسا,5054819322815158,1.27599e+11,0.0794824,0.0725436,0.239783,0.235325,1.35398,1.29889,1,4,-0.275273,-0.346872,0.466667,0
زنجان,12303918642491681,6.67337e+09,0.0732496,0.129909,0.236443,0.481313,1.23088,1.35592,0,5,0.540854,0.408595,22.3137,0
زنگان,67170215467608124,8.77304e+10,0.0759076,0.0688525,0.231738,0.401146,2.34878,2.96767,1,4,0.0390523,0.0235375,7.032,0
زپارس,33420285433308219,1.30995e+11,-0.0206078,0.0354313,0.199643,0.211692,2.40669,3.01972,2,3,-0.0976475,-0.0553882,0.532333,0
زکشت,7300125658580126,1.49292e+11,-0.0153538,-0.0270449,0.0719477,0.0812881,1.83906,1.48971,3,2,0.0501875,0.0545009,0.595667,0
زکوثر,42599305106713939,2.57211e+11,0.0894542,0.145137,0.250147,0.206818,0.741393,0.985648,0,5,-0.112575,-0.0837512,12.7953,0
زگلدشت,10024128313803797,1.93811e+11,0.0445633,0.0408526,0.131274,0.111954,1.08072,0.897654,2,3,-0.112856,-0.0730584,0.902,0
سآبیک,70883594945615893,1.36468e+11,0.0923767,0.109867,0.225,0.0751576,1.18554,1.02967,1,4,-0.316049,-0.292439,1.811,0
ساذری,64155926828410021,6.76271e+09,-0.0118004,0.0479085,0.202215,0.0535586,2.83897,2.00022,2,3,-0.00848503,-0.00509102,1.177,0
وتعاون,5920901446678689,3.04532e+10,0.0582524,0.0689768,0.238636,0.515292,2.90495,3.03134,1,4,-0.180201,-0.0700702,1.56867,0
وتوس,68117765376081366,2.66247e+10,0.0583446,0.0012837,0.0182768,-0.0692124,0.809722,0.683446,2,3,0.0110598,0.00424963,1.579,0
وتوسم,17528249960294496,1.16493e+11,0.0876777,0.0527523,0.0479452,0.0751769,0.435127,0.379337,2,3,-0.0997094,-0.028566,0.824333,0
وتوسکا,48457557221009333,1.26418e+10,0.0732759,0.051901,0.0752622,0.113027,0.993616,1.28677,1,4,0.19411,0.219786,2.14833,0
وتوشه,54676885047867737,9.46174e+10,0.0268378,-0.00113507,0.0438909,0.0615199,0.570166,0.569793,2,3,0.0656534,-0.0618331,1.47233,0
وتوصا,2944500421562364,7.5758e+10,0.0562914,0.0390879,0.0459016,0.0390879,0.90971,0.895561,1,4,-0.0329561,-0.0462915,0.998,0
وثخوز,40043919653526083,2.07408e+10,0.0309478,0,0.0533597,0.00566038,0.670637,0.505759,3,2,0,0,0.994,0
وثنو,22501232035732859,1.52848e+11,0.0895296,0.0543319,-0.0244565,0.270796,0.82749,1.32545,2,3,0.299088,0.199784,2.502,0
وثوق,59839275647597021,5.26647e+10,0.0730904,0.102119,0.153882,0.163494,0.994352,0.757287,0,5,0.234382,0.0959126,2.14233,0
وجامی,57600064931636077,1.97345e+10,0.0448276,-0.0117417,0.0381474,0.178362,0.666131,0.522193,2,3,-0.0893861,-0.254557,1.513,0
وحافظ,5128151910501174,8.15458e+10,0.0661053,0.0688054,0.0806658,0.0652082,1.53188,1.44061,1,4,0.0663741,0.0709004,1.152,0
ودانا,66424163876658304,1.92452e+10,0.0792793,0.103131,0.123827,0.158607,1.12787,0.848239,1,4,0,0,1.25133,0
ودی,43966385447049549,3.46452e+10,0.0851371,0.0882779,0.18239,0.21095,1.04088,1.1317,1,4,0.530197,0.243642,2.47667,0
ثنوسا,32845891587040106,8.2388e+10,-0.0159119,-0.0726644,-0.0574443,-0.232824,1.29617,1.02132,4,1,-0.0744641,-0.0490148,0.652333,0
جم پیلن,27096851668435724,2.81285e+11,0.091851,0.15663,0.283833,0.29363,1.27632,0.996609,0,5,0.527067,0.339798,16.6313,1
جم,32357363984168442,4.56657e+11,0.0136421,0.0642576,0.224709,0.307978,0.837759,1.24583,2,3,-0.49927,-0.295864,0.593667,1
جهرم,49674915481184052,1.52113e+09,0.0598669,0.0994846,0.0961016,0.0827752,0.393853,0.679248,0,5,0,0,14.3333,0
جوین,23269285154135003,1.40484e+11,0.0281065,-0.00429799,0.0626911,0.0250737,0.699381,0.69173,2,2,-0.0326389,-0.0798802,1.43567,0
حآسا,44625249840480397,3.95458e+10,-0.00890869,-0.0133038,-0.00890869,-0.0843621,0.632418,0.568984,3,2,-0.0216252,-0.0147613,0.827,0
حبندر,63704201144621295,2.56967e+10,0.0689655,0.118557,0.197572,0.225989,1.16947,1.04296,0,5,-0.404704,-0.220777,0.761333,0
حپارسا,917857106093847,6.45146e+10,0.00268216,-0.0430887,0.102753,0.0130985,0.923926,0.740601,4,1,-0.336351,-0.212449,0.637,0
حپترو,16369313804633525,2.01096e+10,0.0654588,0.0446991,0.0922708,-0.0385021,2.4744,1.76853,1,4,-0.0943289,-0.165971,1.19667,0
حپرتو,4885314541377431,1.23697e+11,-0.0529915,-0.098454,0.0297398,0.0643612,0.651082,0.504766,4,1,-0.00245711,-0.0174043,0.532,0
چافست,23936607891892333,5.61373e+10,0.0920852,0.158192,0.342376,0.250545,0.0719989,0.0667226,0,5,0.521655,0.532396,26.0297,0
چخزر,41122066907413786,7.17021e+10,0.0920271,0.157824,0.340448,0.339054,0.276507,0.270154,0,5,0.665169,0.592248,171.526,0
چفیبر,64358061873294912,6.10694e+10,-0.021148,-0.0662824,0.0285714,-0.175573,0.944863,0.974864,4,1,-0.0120225,-0.0363971,0.661333,0
چنوپا,43023243844297350,1.23221e+11,0.0184502,0.00668693,-0.0201183,0.0697674,0.824635,0.953612,2,3,0,0,1.22067,0
چکارن,53113471126689455,2.58871e+10,0.0334646,0.0714286,0.156388,0.100629,1.38621,2.0907,1,4,0.114166,0.0684995,5.49833,0
چکاوه,24254843881948059,1.71158e+11,0.0916409,0.157584,0.29347,0.730128,0.427945,0.783404,0,5,0.0621539,0.403739,3.119,0
کارام,69904617508102874,3.47546e+09,0.0874508,0.15299,0.266293,0.384744,0.323586,0.375295,0,5,0.254571,0.197392,7.87,0
کاریز,15962072736526551,2.7103e+11,0.0459282,0.0308102,0.113022,0.461514,0.558364,0.610163,2,3,-0.236591,-0.238644,0.462333,0
کازرو,16777570760181431,1.04645e+10,0.052801,0.102495,0.251914,0.558627,7.17925,2.85469,1,4,-0.0156618,-0.0310125,1.29133,0
کاسپین,28431095903407567,3.58441e+11,0.0425197,0.0166368,0.081994,0.0746753,0.9512,1.22122,3,2,0.177733,0.0743569,1.77333,0
کانسار,24653108506137885,1.43525e+11,0.0768137,0.0565248,0.0632022,0.027137,0.51849,0.488816,1,4,0.174134,0.0133037,3.38733,0
کاوه,60350996279289099,9.35656e+11,-0.0246734,-0.0844687,-0.0246734,0.224044,0.930396,1.13928,4,1,0.0531791,-0.216719,0.856667,1
کایتا,45608932669358493,8.36643e+09,0.0917843,0.0429185,0.0827498,0.028416,2.95073,1.71398,2,3,0.30059,0.180354,7.14433,0
کباده,55979741213594029,9.79203e+10,-0.0223,-0.0257081,0.0390335,0.0210046,1.10854,1.00398,3,2,-0.00658187,0.0166523,0.852333,0
کبافق,43256212620530446,7.67459e+10,0.0912052,0.141008,0.242274,0.171875,0.913291,0.877516,0,5,0.19914,0.117136,2.205,0
کترام,24085906177899789,5.02354e+10,0.0879121,0.128205,0.214724,0.0645161,0.677517,0.775561,0,5,0.326423,0.218275,5.44867,0
کتوسعه,23374429962331387,2.48364e+10,0.0562793,0.035769,0.0448454,-0.0519177,0.776456,0.63177,1,4,0.208225,0.0689718,12.722,0
کپارس,9698674686691945,2.05963e+11,0.0565942,0.0310651,0.194175,0.134563,0.861604,1.07524,2,3,-0.255382,-0.230433,0.834667,0
کپرور,22941065011246116,1.92232e+11,0.0918728,0.154062,0.329747,0.348609,0.270469,0.851696,0,5,0.194388,0.159217,4.848,0
کپشیر,57639364758870873,3.99473e+11,0.148386,0.147672,0.326299,0.400822,0.678742,1.37373,1,4,0.0398705,-0.0440669,0.951667,0
لابسا,63363116407864462,3.04518e+10,0.0755906,0.13267,0.279026,0.313462,0.773263,0.745933,0,5,0.33833,0.28172,9.215,0
لازما,50368344235826302,1.01491e+11,0.0757168,0.140618,0.244041,0.356497,0.516752,0.629048,0,5,-0.376926,-0.294563,0.732,0
لبوتان,30650426998863332,7.59899e+10,0.00420168,0.0413943,0.130024,0.0863636,1.28157,1.35685,1,4,0.134197,0.139292,1.14583,0
لپارس,5187018329202415,1.34401e+11,0.0299833,0.0438942,0.163374,0.110778,1.40724,1.47964,2,3,0.120641,0.11863,0.845,0
لپیام,793710053482057,1.04719e+11,0.0891951,0.154497,0.288165,0.412982,0.657075,0.677121,0,5,-0.0753099,-0.0903807,0.749667,0
کیا,3542690854557886,3.38514e+10,0.00616197,0.0124004,0.163951,0.274247,1.75183,1.74954,1,4,0.256869,0.205552,1.40333,0
کیانا,45353845483523901,4.99561e+10,0.0873124,0.0528402,0.0932785,-0.110491,0.480188,0.494914,2,3,0.565587,0.292556,39.8683,0
کیمیا,14427168056799610,2.26136e+11,0.0358814,0,0.0473186,0.0590112,0.735847,0.79247,3,2,-0.136265,-0.0225058,0.856667,0
کیمیاتک,39884565732277052,3.49863e+11,-0.0513036,0.0017762,0.125749,0.141123,1.62289,3.39462,3,2,-0.268881,0.118132,0.671667,0
گدنا,10114441830266109,1.68254e+11,0.0554723,0.0538922,0.101721,-0.0575636,0.893099,0.923274,2,3,0.0195414,-0.0253948,3.987,0
گشان,70391097626818082,1.16852e+11,0.0864198,0.033452,0.0771513,-0.0152594,0.876117,0.943211,2,3,0.0893862,-0.0349247,3.00133,0
گنگین,59470107928175959,2.08964e+10,0.0120206,-0.0380849,0.00740741,0.0853284,1.09409,0.934701,4,1,0.355865,0.333899,1.53767,1
گوهران,65018804181564924,2.29174e+10,0.0394161,0.0363901,0.10559,0.144695,1.50233,1.58648,1,3,-0.112827,-0.252287,0.802333,0
گپارس,59848307608894801,5.87551e+09,-0.0314356,-0.037821,-0.0184071,0.1092,1.49139,1.02314,3,2,0,0,1.68033,0
گکوثر,66599109405217136,1.43738e+11,0.0904977,0.149444,0.31216,0.596026,1.13874,0.971586,0,5,0.23295,0.20918,3.55995,0
گکیش,44665761767777759,1.87918e+10,0.0608974,0.00506073,0.0354536,0.0840611,0.39761,0.538324,2,3,0.190556,0.13161,1.38067,0
بشهاب,69454539056549106,1.20589e+11,0.0704698,0.0974771,0.168498,0.131206,1.0626,1.30831,0,5,0.164497,0.138708,1.94567,0
بموتو,22086876724551482,1.08713e+11,0.0558511,0.0966851,0.252366,0.0876712,0.867683,0.950405,0,5,-0.385066,-0.408261,0.734,0
بمولد,48261930411425125,6.77184e+10,0.0269321,0.0317647,-0.00340909,-0.0680128,0.731481,0.859564,2,3,0.0103789,0.0709971,1.49633,0
بمپنا,39807886630843041,1.52709e+11,0.00839161,-0.0488127,-0.0720721,-0.175057,4.2091,2.1472,3,2,0.371897,0.127989,1.674,0
بمیلا,16553062355259729,9.41395e+10,0.0226308,-0.036,-0.0122951,-0.0385638,1.29496,0.869865,3,2,0.00883561,0.00530136,0.479333,0
بنیرو,20453828618330936,1.11265e+11,0.0878553,0.0822622,0.128686,0.113757,0.251319,0.542919,1,4,0.519171,0.163242,8.85733,0
بهامرز,61792732570093263,3.2121e+10,0.0901001,0.15566,0.320755,0.644295,1.01456,0.777584,0,5,-0.0159291,0.0329372,0.735667,0
بهپاک,12746730665870442,2.93517e+11,0.0119048,-0.0449438,0.00790514,-0.121195,0.721747,0.907328,4,1,0.0391105,-0.0587192,1.00633,0
بهیر,60289595205403229,1.2678e+10,0.00408998,0.0424628,0.113379,0.200489,1.04943,0.957621,1,3,0.00832787,0.168173,0.818333,0
بوعلی,50247622569476338,1.25606e+12,0.0902244,0.0504941,0.124277,0.278039,0.397783,0.603416,2,3,-0.18431,-0.267919,1.69233,1
بکاب,70219663893822560,7.95826e+10,0.00924499,0.033123,0.0659072,0.0139319,1.11095,0.916383,1,4,0.273447,0.200419,1.16233,0
بکابل,62107151670661969,1.32971e+11,0.0352734,0.0334507,0.0634058,0.0389381,0.729072,0.664824,2,3,0.226398,0.185972,2.89267,0
بگیلان,71068313834275501,8.69726e+10,0.0231463,-0.0326409,0.0219436,-0.0139887,0.458506,0.646806,3,2,-0.0792122,0.0128593,10.997,0
بیوتیک,47973532381204870,2.63454e+11,0.0302267,0.0710311,0.0417065,-0.106011,0.837434,0.737708,1,4,0.0727622,0.105961,3.57267,0
پارتا,72044846109864381,1.12034e+10,-0.0133539,-0.028817,-0.0312658,0.0526027,0.376031,0.338751,3,1,-0.58978,-0.720983,0.436667,0
فلامی,25286509736208688,3.92766e+10,0.0853462,0.148211,0.291188,0.395445,0.976978,0.92363,0,5,0.33868,0.335709,3.382,0
فلوله,48623320733330408,1.09451e+11,0.0651649,0.0283495,0.0964803,-0.075419,1.60514,1.41764,2,3,0.432655,0.344855,0.965333,0
فماک,35445515321658835,9.7368e+10,0.0743044,0.0123381,0.0505762,0.18741,1.07372,0.97859,2,3,0.254688,-0.00471398,1.737,0
فمراد,18004480270695404,7.17568e+10,0.0887728,0.0887728,0.0973684,0.151934,0.884629,1.24746,0,3,0.406311,0.24047,11.2653,0
فن افزار,69171897374421261,2.59237e+11,-0.00665399,0.00480769,-0.0315107,-0.0594059,1.20472,1.34063,3,2,0.0798517,0.221399,3.00433,0
فنر,27276541005386425,9.26527e+10,-0.0148912,0.0411622,0.184573,0.412151,1.64729,1.11381,2,3,-0.3388,-0.097371,0.822,0
فنفت,58462435595049907,7.28571e+10,0.0606061,0.122244,0.161826,0.104536,1.52066,1.55728,0,5,-0.0887148,-0.0223102,0.963333,0
فنوال,57875847776839336,1.06824e+11,0.0914553,0.157113,0.337971,0.213808,1.27296,1.71056,0,5,0.130546,0.0803998,4.66533,0
فنورد,56324206651661881,2.01487e+11,0.0461783,0.000761615,0.113559,0.0913621,0.852762,0.997121,3,2,-0.141163,-0.153018,1.11,0
فولای,14800142337291217,2.59336e+11,0.0363951,0.0972477,0.251046,0.283262,4.33351,2.42569,1,4,-0.0874899,0.118371,0.679,0
فوکا,21003176534704369,1.22134e+11,0.0798429,0.144244,0.32,0.269231,6.2268,3.81226,0,5,0.196626,0.28354,4.84067,0
آ س پ,17617474823279712,2.92393e+11,-0.0867647,-0.140484,-0.261154,-0.121951,0.116863,0.0805151,5,0,-0.0146385,-0.00878311,0.077,0
آباد,59612098290740355,8.24891e+10,0.092511,0.158879,0.336207,0.119134,1.08722,0.885456,0,5,0.437257,0.479798,10.3077,0
آبادا,37661500521100963,3.5403e+10,0.0764977,0.0227671,0.0589302,0.0400712,0.639309,0.534009,2,3,0.233,-0.0222748,14.3333,0
آردینه,9956888831468521,2.56326e+11,0.0774318,0.127451,0.230721,0.120986,0.399301,0.509427,0,5,0.277068,0.217003,12.2683,0
آرمان,38738476064699383,1.73699e+10,0.0916497,0.144688,0.134992,0.431242,0.220382,0.275307,0,5,0.659793,0.453907,73.6273,0
آریان,31987503418964901,2.86011e+11,0.00372208,0.0292621,0.0240506,0.177584,0.422969,0.391012,0,4,-0.633233,-0.550314,0.330667,1
آپ,55254206302462116,6.60558e+10,-0.0154889,-0.0295802,-0.0154889,-0.158809,1.3458,1.32587,3,2,0.224891,0.23173,0.864,0
اتکاسا,66305369579423152,1.73411e+10,0.0278689,-0.0248834,-0.0752212,0.0520134,0.136275,0.304532,2,3,-0.259119,-0.327136,1.58467,0
اتکام,27405735172634593,1.70663e+10,-0.261523,-0.242201,-0.22901,-0.213166,3.52325,2.13452,1,4,0.619803,0.438503,10.1197,0
اتکای,39751275523025334,9.71141e+10,0.0255682,0.0524781,0.0776119,0.282416,0.340474,0.355462,0,3,-0.412562,-0.350822,0.489,0
اخشان,67868738676326187,2.2348e+10,0.0259036,0.00769231,0.030248,0.0234375,0.69129,0.474636,3,2,-0.160318,-0.153431,6.54933,0
اردستان,35331248532537562,1.8776e+11,0.0912483,0.0557926,0.0438027,-0.0107626,0.693637,0.982542,2,3,-0.0181141,0.0552433,2.13733,0
اپال,655060129740445,1.02942e+11,0.0891365,0.0831025,0.146628,-0.0297767,1.24197,0.988232,1,4,0.433456,0.406243,19.7033,0
اپرداز,63830424809501048,8.20345e+10,0.0661323,0.108333,0.0991736,-0.0699301,0.654359,0.733125,0,5,0.199603,0.0225852,17.121,0
غانیزان,53350307353645375,1.0162e+11,0.134774,0.202835,0.256264,0.224195,1.72787,1.16974,0,5,0.57294,0.590962,115.147,0
غبشهر,42387718866026650,7.66183e+11,0.0181237,-0.0144479,0.0778781,0.0664433,0.941108,1.04193,3,2,-0.124213,-0.102978,0.654333,1
غبهار,71666521540545716,6.8053e+10,0.0907407,0.154902,0.323596,0.224532,0.465374,0.326483,0,5,0.14933,0.0597477,5.83533,0
غبهنوش,17059960254855208,1.68277e+11,0.0925789,0.145418,0.303034,0.368324,0.51158,0.733651,0,5,0.337259,0.150652,16.5313,0
غدانه,8234855558996646,4.58874e+11,0.016035,0.0275184,0.170118,0.110462,1.64256,1.765,1,4,-0.0260779,-0.0432721,0.569,0
غدیس,3492952121304423,1.58644e+11,0.0690858,0.131462,0.261944,0.194076,2.69777,2.09234,0,5,0.234555,0.281367,0.865333,0
غسالم,28672095850798501,1.09084e+11,0.0854893,0.0879369,0.198758,0.0734149,0.690882,0.753133,1,4,0.184874,0.105947,3.22367,0
غشاذر,59921975187856916,1.28857e+11,0.0920074,0.102251,0.243386,0.222049,0.361436,0.751887,1,4,0.311399,0.16799,6.70667,0
غشان,31791737198597563,2.04641e+11,0.0876638,0.148926,0.306732,0.530197,1.86889,1.92989,0,5,0.102418,0.104341,0.417333,0
غشصفا,61506294208022391,1.12e+11,0.0658613,0.0235778,0.107287,0.116782,0.857987,0.875958,2,3,0.374298,0.233766,2.28867,0
غشهد,20487994977117557,8.9308e+10,0.0095037,0.0391304,-0.0459082,0.123384,0.675937,0.708212,1,4,-0.084219,-0.0766646,0.930333,0
غپآذر,45518744711972166,2.08312e+11,0.0922844,0.148584,0.265778,0.310345,1.14651,1.10756,0,5,-0.0513872,-0.129855,0.665333,0
غپونه,61978776664766359,1.2365e+11,0.0233372,-0.0309392,0.0787208,0.00920598,0.603369,0.585924,2,1,-0.127361,-0.107951,1.08333,0
سخوز,41974758296041288,1.4601e+11,0.0883852,0.0397845,0.0604396,-0.0331407,0.469753,0.690623,2,3,0.0453071,-0.0347419,1.81433,0
سدبیر,64341992373049080,8.19716e+10,0.0115607,-0.0346038,0.0285867,-0.00568182,1.11768,1.01313,3,2,0.0912542,0.0547525,0.874,0
سدشت,27000326841257664,2.44083e+10,0.0179568,0.0797941,0.0524335,-0.0615213,1.41726,1.53435,1,4,-0.0356353,0.0848134,0.889,0
سدور,27218386411183410,1.51972e+11,0.0923468,0.148456,0.198637,0.167522,0.461099,0.652756,0,5,0.120339,0.141531,7.92133,0
سشرق,26997316501080743,3.89788e+11,0.0897975,0.0547337,0.203376,0.0831751,0.820261,0.767077,2,3,-0.141719,-0.129577,1.20333,0
سشمال,6757220448540984,7.04666e+10,0.0876556,0.0809278,0.144026,0.184746,0.83876,0.801543,1,4,-0.29857,-0.151946,1.42667,0
سصفها,10568944722570445,3.95917e+11,-0.943819,-0.944639,-0.945326,-0.928301,5.14523,4.79086,4,1,0.192623,0.171982,0.541667,0
سصوفی,13227300125161435,5.64525e+11,0.0873309,0.0618619,0.102244,0.00683371,0.970562,0.866456,2,3,-0.303311,-0.217467,1.25733,0
سغدیر,21096748051392414,1.91824e+11,0.0738832,0.0162602,0.11657,-0.00911613,1.64857,1.48859,2,3,-0.0772259,-0.0758255,1.015,0
سغرب,52220424531578944,7.64624e+10,0.0448113,0.029036,0.144703,0.00911162,1.29426,0.991248,1,4,-0.153923,-0.116594,0.833333,0
سفار,41227201752535311,3.97161e+10,0.0755576,0.0159071,0.0765376,-0.038258,0.888655,0.70063,2,3,-0.130136,-0.2023,1.255,0
سفارود,4686607974846832,6.47073e+09,0.0599455,0.101983,0.214676,0.474882,0.121634,0.16706,0,5,0,0,9.53333,0
سفاسی,34721884030854211,2.57103e+10,0.0185529,0.0477099,0.134298,0.111336,1.19688,1.54299,1,4,0,0,0.874667,0
سفانو,4528607775462304,1.38512e+11,0.0847791,0.102095,0.25864,0.055246,1.85351,1.87995,0,5,-0.12624,-0.0567893,0.592,0
سقاین,60654872678917533,1.88572e+11,0.0483401,0.0350776,0.133501,0.104633,0.924589,1.10876,2,3,0.224564,0.0547226,0.964,0
سکارون,15930821245168534,4.8105e+10,-0.00750469,-0.0399274,0.035225,0.0114723,1.30298,1.13434,4,0,-0.00884465,-0.00530679,0.654667,0
سکرد,65321970913593427,8.57462e+10,0.0367893,0.00780234,0.0224274,0.00323625,0.829633,0.851682,3,2,-0.230062,-0.0964332,0.831667,0
قتربت,13140135188919199,4.19813e+10,-0.0104651,-0.00117371,0.0571429,-0.123584,0.270026,0.262048,2,2,-0.058058,-0.0444948,0.868,0
قثابت,44967158778304588,1.10007e+11,0.0862471,0.142157,0.273224,0.142157,1.36806,1.19801,0,5,0.281322,0.191834,3.40533,0
قرن,39610074039667804,1.95052e+11,0.0641556,0.00547517,0.0987179,0.0752823,0.31313,1.30815,2,3,-0.135996,-0.120466,0.97,1
قزوین,15259343650667588,4.1054e+10,-0.000795545,0.0269828,0.0397351,-0.00396511,3.28724,2.1064,2,3,-0.286814,-0.270639,0.671667,0
قشکر,35964395659427029,6.16508e+10,0.0843373,0.0325048,0.0821643,-0.0339893,0.615639,0.742933,2,3,0.103869,0.0479629,1.27767,0
قشیر,71523986304961239,6.88284e+10,0.015753,-0.00370828,0.0366559,-0.0703576,0.7069,0.762224,4,1,0.0331741,-0.00502832,1.11833,0
قلرست,56820995669577571,8.31577e+10,0.0199076,-0.039826,0.0410015,-0.122898,0.964076,0.601218,3,2,-0.0254642,0.105739,0.987333,0
قمرو,43342306308122676,7.07609e+10,0.019979,-0.00614754,-0.00817996,-0.11577,0.431003,0.499684,3,2,-0.00813114,-0.0314154,0.806,0
قنقش,3050342257199174,4.78916e+10,0.0135417,-0.026026,0.0312666,-0.0303936,0.395828,0.645421,3,2,-0.0274437,-0.237941,1.20967,0
قنیشا,63380098535169030,4.62118e+10,0.0838323,0.0710059,0.0870871,0.0647059,1.08573,0.843338,2,3,0.0789068,0.0284974,1.947,0
قهکمت,14398278072324784,3.66777e+10,-0.0181661,0.0280797,0.148785,0.0170251,2.00868,2.75174,2,3,0.0486205,0.0434917,0.858667,0
قپیرا,67030488744129337,5.13021e+10,0.0449843,-0.0106474,-0.0900901,0.138168,0.807,0.694536,3,2,0.0621178,-0.0568532,1.95433,0
قیستو,4267564158935326,8.50382e+10,-0.0489747,-0.105096,-0.138969,0.0360009,1.88272,1.08196,4,1,0.280095,0.0475845,0.737333,0
کابگن,10654052153538617,5.39191e+09,0.0648072,0.0834725,0.148673,0.541568,0.644739,0.533458,0,5,0,0,2.22633,0
کفرآور,49627523909849331,2.58583e+10,0.092493,0.0947368,0.0118652,0.153368,0.674519,0.630537,1,4,0.301597,0.120092,10.1617,0
کقزوی,63499217872110599,5.0409e+10,0.0616967,0.0159902,0.0699482,-0.0107784,1.46923,1.04194,2,3,0.0320715,0.0765257,1.21933,0
کلر,1822787329898392,2.5508e+11,0.0876133,0.149242,0.268722,0.188119,1.00031,1.19873,0,5,0.254527,0.235279,16.6657,0
کلوند,32678431934327184,1.53931e+11,0.070133,0.113208,0.282609,0.21067,1.10215,1.43509,0,5,0.330335,0.135368,3.045,0
کمرجان,50633804639547462,7.32304e+10,0.00422833,0.0348584,0.0894495,0.0485651,0.588746,0.63407,2,3,0.000359078,0.0166612,0.882,0
کمنگنز,50341528161302545,2.48073e+11,0.0915157,0.0771402,0.176773,0.235167,0.183373,0.794921,1,4,0.26094,0.0212728,4.50667,0
کمینا,54263829393913132,6.71078e+10,0.0895845,0.104486,0.273817,0.513837,2.28126,1.74416,1,4,0.415835,0.267895,12.972,0
کهرام,25631699615003698,5.6268e+09,-0.00725446,-0.0173985,-0.00364044,0.175421,2.88264,1.59792,3,2,0,0,1.854,0
کورز,42049553761321495,2.40864e+10,-0.074359,-0.0647668,-0.0321716,0.13522,0.78572,1.50237,3,1,0,0,0.631667,0
کگاز,62346804681275278,1.7223e+11,0.0577697,0.0726679,0.0117443,0.0453551,0.45335,0.461447,1,4,0.333158,0.218072,7.433,0
کی بی سی,62977319271289925,3.04603e+11,0.0583994,0.119756,0.289982,0.237774,0.937459,0.934444,1,4,0.419273,0.421124,2.844,0
وسپهر,114312662654155,1.36615e+11,0.0590717,0.0224033,0.108168,0.004,0.73023,0.783597,2,3,0.304444,0.119676,7.98433,1
شلیا,26025177574491991,3.25401e+10,0.0445835,0.0599206,0.178209,0.380362,1.34904,1.92696,1,4,0,0,0.833333,0
شمس,59522975635235187,1.65823e+11,0.0407654,-0.00714286,0.0973684,0.11398,2.35849,1.65894,2,3,0.302778,0.163288,3.47,0
شملی,55862580907068610,2.52035e+11,0.0920097,0.142736,0.32,0.354354,0.72926,0.689033,0,5,0.480534,0.393648,15.3457,0
شنفت,14073782708315535,3.34103e+11,0.0910106,0.0585049,0.154846,0.154164,0.749865,1.0637,2,3,-0.0349279,-0.178353,2.39233,1
شهر,9098178887955847,4.4703e+10,0.0889847,0.140862,0.181625,0.220026,0.467724,0.707373,0,5,0.0197074,-0.0215263,7.43033,0
شوینده,3493306453706327,1.41314e+11,0.0863445,0.137484,0.223905,0.193399,0.527956,0.793563,0,5,-0.217818,-0.304086,1.23733,0
شگامرن,1050751214677134,3.59891e+09,0.0168006,0.00906125,0.0123636,0.101702,2.329,1.63799,1,4,-0.317964,-0.499879,0.263,0
شگستر,24696953498398744,9.26866e+11,0.0921432,0.126432,0.304028,0.409236,0.0712255,1.63419,0,5,0.711572,0.451329,18.3037,0
شگل,44153164692325703,1.11753e+11,0.0302115,0.0209581,0.114743,0.0689655,0.992291,1.25703,2,3,0.253044,0.194005,1.98267,0
شگویا,5987841496184505,1.09418e+12,0.0612536,0.0515173,0.186306,0.399061,0.814335,0.932719,1,4,-0.496331,-0.445134,0.614333,1
شیراز,38568786927478796,6.22934e+11,0.0568472,0.000852273,0.065316,-0.0113652,0.588842,0.543195,2,3,-0.0234507,-0.0526046,1.23633,1
شیران,35796086458096255,4.78444e+11,0.0846224,0.0284728,0.101664,0.0558016,1.36407,1.36782,2,3,0.221563,0.0767088,2.42433,1
غاذر,35158826900216508,3.828e+11,0.0490762,0.0415592,0.206107,0.105567,0.737326,1.04527,2,3,-0.146826,-0.224959,0.962667,0
غالبر,24303422207378456,1.55808e+11,0.0716869,0.0105426,0.0512903,0.0193932,1.11736,0.83035,2,3,-0.18723,-0.112338,0.945667,0
شرانل,44013656953678055,3.27032e+11,0.090411,0.0501319,0.149182,0.0718133,1.20066,0.956497,2,3,0.215087,0.0167626,4.76033,1
شرنگی,57157873359416943,2.07816e+10,0.090027,0.0558747,0.0841823,0.0749601,1.66118,1.05875,2,3,-0.565897,-0.511741,0.94,0
شساخت,15282093177363578,8.78453e+10,0.088843,0.153173,0.330512,0.56316,0.457313,0.345228,0,5,0.942306,0.933335,31.1113,0
شستان,3173544097113770,3.3842e+10,0.0805085,0.0397554,0.145424,0.0828025,0.762546,0.758839,2,3,0.209098,0.106491,2.78967,0
شسینا,30974710508383145,6.75875e+10,0.00728155,-0.0503432,0.0479798,-0.0258216,1.2526,1.33924,3,2,-0.0207529,-0.135022,0.713667,0
شصدف,204092872752957,3.03095e+11,0.0641487,0.00566572,-0.00671517,0.0142857,0.983657,0.99401,2,3,-0.121762,-0.135946,1.27933,0
شغدیر,21772258644715569,6.63311e+11,0.0514534,0.0194318,0.150866,0.206104,0.809724,0.882756,2,3,0.00706299,-0.0542121,0.538667,0
شفا,36899214178084525,2.64218e+11,0.0847049,0.150603,0.333443,0.288917,1.78028,1.06191,0,5,-0.0256477,0.0156747,2.148,0
شفارا,16673205196919832,1.01003e+11,0.0910486,0.156725,0.335629,0.232236,2.50201,1.58305,0,5,0.275014,0.289229,4.268,0
شفام,11427387039523955,5.51559e+10,0.0910286,0.157198,0.317983,0.209031,1.54512,1.56919,0,5,0.740252,0.645088,198.507,0
شفن,65122215875355555,3.35285e+11,0.0884265,0.0744544,0.152893,0.266263,1.28294,1.1766,1,4,0.243662,-0.0227742,6.28233,0
شکام,69446612239102459,7.38662e+11,0.089404,0.111486,0.281402,0.227612,0.681153,0.877046,1,4,-0.00231421,0.0636056,0.759333,0
شکبیر,56574323121551263,5.28957e+10,0.0875088,0.0620262,0.162142,0.131424,1.21454,1.04571,2,3,0.38946,0.0909095,2.67233,1
شکلر,62177651435283872,2.53319e+11,0.0917134,0.0767888,0.228676,0.22664,1.15949,1.10409,1,4,-0.0859637,-0.187177,2.37567,0
وسنا,24662567615903665,2.33456e+11,0.0472713,-0.010163,0.0654283,0.323929,1.89524,2.17123,3,2,-0.321835,-0.367333,0.655333,0
وسکاب,11258722998911897,1.2584e+11,0.0311526,0.0216049,0.0643087,-0.00600601,0.976946,0.806983,1,2,0.102689,0.089119,2.50333,0
وآوا,22490169030401337,1.63775e+11,-0.080786,-0.122917,-0.0644444,0.0525,2.12324,1.5031,5,0,-0.250386,-0.29923,0.162333,0
وامیر,67213778593531096,1.95304e+11,0.0831213,0.0785473,0.16621,0.282334,1.28919,1.52892,1,4,-0.0381694,-0.0210722,1.77067,0
وامین,4373573287489723,1.71749e+11,0.0379747,0.0170543,0.0030581,0.29901,0.632263,1.27562,2,3,-0.0207874,-0.00208103,3.41233,0
وایرا,9141577977527107,2.68471e+10,0.0229226,-0.0027933,0.0377907,0.00847458,0.442471,0.54909,2,3,-0.119325,-0.133027,1.48,0
وایران,3149396562827132,6.71186e+10,0.0609244,0.012024,0.0564854,-0.0998217,0.804544,0.596254,2,3,-0.0492279,-0.0303237,1.10333,0
وبرق,61298636307861167,1.27726e+11,0.0890294,0.0284008,0.0450968,-0.006702,0.574722,0.663167,2,3,0,-0.000551478,5.35867,0
وبشهر,13937270451301973,2.70355e+11,0.0319149,0.0402145,0.0807799,0.14963,3.93448,2.84817,2,3,0.0922676,0.0574739,0.736667,1
وبیمه,11773403764702778,9.13428e+10,0.0439446,-0.0108197,-0.0571875,-0.0091954,1.00508,0.721144,3,2,0.0839364,0.0524285,2.561,0
وپایا,67244978897607661,4.63638e+10,0.0883761,0.148897,0.329787,0.352814,2.44593,2.93703,0,5,0.186748,0.246205,103.43,0
وپترو,59486059679335017,6.35837e+11,0.0398621,-0.0214174,-0.0525324,-0.126723,0.690392,1.68619,3,2,-0.315347,-0.337007,0.674333,0
وپخش,7183333492448248,4.39763e+11,0.0311854,0.0320745,0.196043,0.211048,1.65627,2.53754,2,3,0.183625,0.0777381,0.572667,1
وپسا,11560002870991149,4.68725e+10,-0.0316872,-0.0855033,-0.0883379,-0.157537,0.619656,0.503111,4,1,0,0,0.799333,0
سلار,61664227282090067,2.1245e+10,0.0327022,-0.0186457,0.0799136,-0.117647,1.05778,1.123,3,2,0.000966352,0.000579811,0.935333,0
سمازن,33808206014018431,2.14278e+11,0.0924874,0.122069,0.281458,0.127904,0.53028,1.36799,1,4,0.242569,0.0598407,15.8637,0
سمایه,43913530989262989,3.82533e+10,-0.00168634,0.0571429,0.15625,0.121212,0.699203,0.536068,1,3,0.0505563,0.297469,2.05133,0
سمتاز,14258394084745667,4.22049e+10,0.0906359,0.0885696,0.0793676,0.0437481,3.26797,2.06854,1,4,0.0894943,0.0314543,1.91033,0
سنوین,36995197800118822,3.52251e+10,0.0314286,0.0494186,0.0140449,0.0776119,0.702817,0.682679,2,3,0.116106,0.276926,1.17033,0
سنیر,14231831499205396,9.16926e+10,0.0649547,0.0506706,0.0522388,-0.0395095,1.07788,1.02495,1,4,-0.381534,-0.242791,0.650333,0
سهرمز,29747059672582491,7.95064e+10,0.0444331,0.0343955,0.0757496,-0.0390038,0.469758,0.431702,1,4,0.0961083,-0.0554566,1.153,0
سهگمت,41284516796232939,1.6029e+11,0.0904826,0.0523933,0.168822,0.0993243,1.67969,1.08769,2,3,-0.27152,-0.363619,1.188,0
سکرما,15472396110662150,9.6163e+10,0.0556096,0.0207017,0.0701903,0.0170104,2.90132,1.84478,2,3,0.19577,0.0254637,0.971333,0
سیتا,10171945867136336,3.96897e+11,0.0916205,0.0655633,0.16129,0.154085,1.4949,1.02646,1,4,-0.0686504,-0.159361,15.1073,1
سیدکو,37281199178613855,1.09406e+11,0.0688226,0.0697095,0.154247,0.158137,2.15976,3.71793,1,4,-0.250249,-0.181999,0.587667,0
سیستم,47749661205825616,7.73772e+10,0.0877046,0.117001,0.247318,0.0851667,1.38692,1.44685,0,5,-0.154445,0.0512136,0.812,1
سیلام,14617104402836487,5.33839e+10,0.0595399,0.0389208,0.0880037,0.0426099,1.07608,0.815789,1,4,-0.16039,-0.0697598,1.15533,0
شارپیلن,27695838950009037,7.19148e+09,0.057971,0.0703812,0.0993976,0.140625,4.98743,4.34169,0,4,0.77593,0.465558,7.888,0
موج,67141987086032267,1.13517e+13,0.120944,0.107667,0.301127,0.273933,0.373192,0.940752,2,3,-0.0315966,-0.0388554,6.01133,0
دوایکس,58108537439201620,6.03498e+12,0.12432,0.180364,0.334423,0.420442,1.59805,2.44478,0,5,0.6501,0.54849,1.15833,0
نارنج اهرم,35831329532779850,6.46606e+12,0.104043,0.0612221,0.207873,0.149323,0.689556,0.890173,2,3,7.23922e-05,-0.0128808,1.17833,0
اهرم,17914401175772326,1.62285e+13,0.107558,0.0569085,0.200657,0.159751,0.818779,1.1274,2,3,0.00200218,-0.00479764,1.489,0
